system	game_key	asset_path	aliases	trigger_count
genesis	3NinjasKickBack-Genesis	profiles/genesis/3ninjaskickback_genesis.qrr	3ninjaskickback|3ninjaskickbackgenesis	5
genesis	AaahhRealMonsters-Genesis	profiles/genesis/aaahhrealmonsters_genesis.qrr	aaahhrealmonsters|aaahhrealmonstersgenesis	4
genesis	AddamsFamily-Genesis	profiles/genesis/addamsfamily_genesis.qrr	addamsfamily|addamsfamilygenesis|addamsfamilythe	5
genesis	AdvancedBusterhawkGleylancer-Genesis	profiles/genesis/advancedbusterhawkgleylancer_genesis.qrr	advancedbusterhawkgleylancer|advancedbusterhawkgleylancergenesis	3
genesis	AdventuresOfBatmanAndRobin-Genesis	profiles/genesis/adventuresofbatmanandrobin_genesis.qrr	adventuresofbatmanandrobin|adventuresofbatmanandrobingenesis	5
genesis	AdventuresOfMightyMax-Genesis	profiles/genesis/adventuresofmightymax_genesis.qrr	adventuresofmightymax|adventuresofmightymaxgenesis|adventuresofmightymaxthe	3
genesis	AdventuresOfRockyAndBullwinkleAndFriends-Genesis	profiles/genesis/adventuresofrockyandbullwinkleandfriends_genesis.qrr	adventuresofrockyandbullwinkleandfriends|adventuresofrockyandbullwinkleandfriendsgenesis|adventuresofrockyandbullwinkleandfriendsthe	5
genesis	AeroTheAcroBat2-Genesis	profiles/genesis/aerotheacrobat2_genesis.qrr	aerotheacrobat2|aerotheacrobat2genesis	6
genesis	AfterBurnerII-Genesis	profiles/genesis/afterburnerii_genesis.qrr	afterburnerii|afterburneriigenesis	3
genesis	AirBuster-Genesis	profiles/genesis/airbuster_genesis.qrr	airbuster|airbustergenesis	3
genesis	AirDiver-Genesis	profiles/genesis/airdiver_genesis.qrr	airdiver|airdivergenesis	3
genesis	Airstriker-Genesis	profiles/genesis/airstriker_genesis.qrr	airstriker|airstrikergenesis	4
genesis	AlienSoldier-Genesis	profiles/genesis/aliensoldier_genesis.qrr	aliensoldier|aliensoldiergenesis	3
genesis	AlteredBeast-Genesis	profiles/genesis/alteredbeast_genesis.qrr	alteredbeast|alteredbeastgenesis	5
genesis	AmericanGladiators-Genesis	profiles/genesis/americangladiators_genesis.qrr	americangladiators|americangladiatorsgenesis	2
genesis	ArchRivalsTheArcadeGame-Genesis	profiles/genesis/archrivalsthearcadegame_genesis.qrr	archrivalsthearcadegame|archrivalsthearcadegamegenesis	1
genesis	ArielTheLittleMermaid-Genesis	profiles/genesis/arielthelittlemermaid_genesis.qrr	arielthelittlemermaid|arielthelittlemermaidgenesis	4
genesis	ArrowFlash-Genesis	profiles/genesis/arrowflash_genesis.qrr	arrowflash|arrowflashgenesis	3
genesis	ArtOfFighting-Genesis	profiles/genesis/artoffighting_genesis.qrr	artoffighting|artoffightinggenesis	1
genesis	AsterixAndTheGreatRescue-Genesis	profiles/genesis/asterixandthegreatrescue_genesis.qrr	asterixandthegreatrescue|asterixandthegreatrescuegenesis	5
genesis	AsterixAndThePowerOfTheGods-Genesis	profiles/genesis/asterixandthepowerofthegods_genesis.qrr	asterixandthepowerofthegods|asterixandthepowerofthegodsgenesis	5
genesis	AtomicRoboKid-Genesis	profiles/genesis/atomicrobokid_genesis.qrr	atomicrobokid|atomicrobokidgenesis	3
genesis	AtomicRunner-Genesis	profiles/genesis/atomicrunner_genesis.qrr	atomicrunner|atomicrunnergenesis	4
genesis	AwesomePossumKicksDrMachinosButt-Genesis	profiles/genesis/awesomepossumkicksdrmachinosbutt_genesis.qrr	awesomepossumkicksdrmachinosbutt|awesomepossumkicksdrmachinosbuttgenesis	4
genesis	BOB-Genesis	profiles/genesis/bob_genesis.qrr	bob|bobgenesis	4
genesis	BackToTheFuturePartIII-Genesis	profiles/genesis/backtothefuturepartiii_genesis.qrr	backtothefuturepartiii|backtothefuturepartiiigenesis	3
genesis	BarkleyShutUpAndJam-Genesis	profiles/genesis/barkleyshutupandjam_genesis.qrr	barkleyshutupandjam|barkleyshutupandjamgenesis	1
genesis	BarkleyShutUpAndJam2-Genesis	profiles/genesis/barkleyshutupandjam2_genesis.qrr	barkleyshutupandjam2|barkleyshutupandjam2genesis	1
genesis	BarneysHideAndSeekGame-Genesis	profiles/genesis/barneyshideandseekgame_genesis.qrr	barneyshideandseekgame|barneyshideandseekgamegenesis	1
genesis	Batman-Genesis	profiles/genesis/batman_genesis.qrr	batman|batmangenesis	5
genesis	BatmanReturns-Genesis	profiles/genesis/batmanreturns_genesis.qrr	batmanreturns|batmanreturnsgenesis	5
genesis	BattleSquadron-Genesis	profiles/genesis/battlesquadron_genesis.qrr	battlesquadron|battlesquadrongenesis	3
genesis	BattleTechAGameOfArmoredCombat-Genesis	profiles/genesis/battletechagameofarmoredcombat_genesis.qrr	battletechagameofarmoredcombat|battletechagameofarmoredcombatgenesis	2
genesis	Battletoads-Genesis	profiles/genesis/battletoads_genesis.qrr	battletoads|battletoadsgenesis	5
genesis	BattletoadsAndDoubleDrago-Genesis	profiles/genesis/battletoadsanddoubledrago_genesis.qrr	battletoadsanddoubledrago|battletoadsanddoubledragogenesis	6
genesis	BattletoadsDoubleDragon-Genesis	profiles/genesis/battletoadsdoubledragon_genesis.qrr	battletoadsdoubledragon|battletoadsdoubledragongenesis	5
genesis	BeautyAndTheBeastBellesQuest-Genesis	profiles/genesis/beautyandthebeastbellesquest_genesis.qrr	beautyandthebeastbellesquest|beautyandthebeastbellesquestgenesis	5
genesis	BeautyAndTheBeastRoarOfTheBeast-Genesis	profiles/genesis/beautyandthebeastroarofthebeast_genesis.qrr	beautyandthebeastroarofthebeast|beautyandthebeastroarofthebeastgenesis	5
genesis	BeyondOasis-Genesis	profiles/genesis/beyondoasis_genesis.qrr	beyondoasis|beyondoasisgenesis	1
genesis	BiminiRun-Genesis	profiles/genesis/biminirun_genesis.qrr	biminirun|biminirungenesis	4
genesis	BioHazardBattle-Genesis	profiles/genesis/biohazardbattle_genesis.qrr	biohazardbattle|biohazardbattlegenesis	3
genesis	BishoujoSenshiSailorMoon-Genesis	profiles/genesis/bishoujosenshisailormoon_genesis.qrr	bishoujosenshisailormoon|bishoujosenshisailormoongenesis	5
genesis	BladesOfVengeance-Genesis	profiles/genesis/bladesofvengeance_genesis.qrr	bladesofvengeance|bladesofvengeancegenesis	3
genesis	Blockout-Genesis	profiles/genesis/blockout_genesis.qrr	blockout|blockoutgenesis	1
genesis	BodyCount-Genesis	profiles/genesis/bodycount_genesis.qrr	bodycount|bodycountgenesis	3
genesis	BoogermanAPickAndFlickAdventure-Genesis	profiles/genesis/boogermanapickandflickadventure_genesis.qrr	boogermanapickandflickadventure|boogermanapickandflickadventuregenesis	5
genesis	BoxingLegendsOfTheRing-Genesis	profiles/genesis/boxinglegendsofthering_genesis.qrr	boxinglegendsofthering|boxinglegendsoftheringgenesis	2
genesis	BramStokersDracula-Genesis	profiles/genesis/bramstokersdracula_genesis.qrr	bramstokersdracula|bramstokersdraculagenesis	5
genesis	BubbaNStix-Genesis	profiles/genesis/bubbanstix_genesis.qrr	bubbanstix|bubbanstixgenesis	5
genesis	BubbleAndSqueak-Genesis	profiles/genesis/bubbleandsqueak_genesis.qrr	bubbleandsqueak|bubbleandsqueakgenesis	5
genesis	BubsyII-Genesis	profiles/genesis/bubsyii_genesis.qrr	bubsyii|bubsyiigenesis	5
genesis	BubsyInClawsEncountersOfTheFurredKind-Genesis	profiles/genesis/bubsyinclawsencountersofthefurredkind_genesis.qrr	bubsyinclawsencountersofthefurredkind|bubsyinclawsencountersofthefurredkindgenesis	3
genesis	BurningForce-Genesis	profiles/genesis/burningforce_genesis.qrr	burningforce|burningforcegenesis	3
genesis	Cadash-Genesis	profiles/genesis/cadash_genesis.qrr	cadash|cadashgenesis	1
genesis	Caliber50-Genesis	profiles/genesis/caliber50_genesis.qrr	caliber50|caliber50genesis	5
genesis	CaliforniaGames-Genesis	profiles/genesis/californiagames_genesis.qrr	californiagames|californiagamesgenesis	1
genesis	CaptainAmericaAndTheAvengers-Genesis	profiles/genesis/captainamericaandtheavengers_genesis.qrr	captainamericaandtheavengers|captainamericaandtheavengersgenesis	5
genesis	CaptainPlanetAndThePlaneteers-Genesis	profiles/genesis/captainplanetandtheplaneteers_genesis.qrr	captainplanetandtheplaneteers|captainplanetandtheplaneteersgenesis	3
genesis	CastleOfIllusion-Genesis	profiles/genesis/castleofillusion_genesis.qrr	castleofillusion|castleofillusiongenesis	6
genesis	CastlevaniaBloodlines-Genesis	profiles/genesis/castlevaniabloodlines_genesis.qrr	castlevaniabloodlines|castlevaniabloodlinesgenesis	5
genesis	CastlevaniaTheNewGeneration-Genesis	profiles/genesis/castlevaniathenewgeneration_genesis.qrr	castlevaniathenewgeneration|castlevaniathenewgenerationgenesis	5
genesis	ChampionshipProAm-Genesis	profiles/genesis/championshipproam_genesis.qrr	championshipproam|championshipproamgenesis	5
genesis	ChaosEngine-Genesis	profiles/genesis/chaosengine_genesis.qrr	chaosengine|chaosenginegenesis|chaosenginethe	3
genesis	ChaseHQII-Genesis	profiles/genesis/chasehqii_genesis.qrr	chasehqii|chasehqiigenesis	1
genesis	CheeseCatAstropheStarringSpeedyGonzales-Genesis	profiles/genesis/cheesecatastrophestarringspeedygonzales_genesis.qrr	cheesecatastrophestarringspeedygonzales|cheesecatastrophestarringspeedygonzalesgenesis	5
genesis	ChesterCheetahTooCoolToFool-Genesis	profiles/genesis/chestercheetahtoocooltofool_genesis.qrr	chestercheetahtoocooltofool|chestercheetahtoocooltofoolgenesis	3
genesis	ChesterCheetahWildWildQuest-Genesis	profiles/genesis/chestercheetahwildwildquest_genesis.qrr	chestercheetahwildwildquest|chestercheetahwildwildquestgenesis	3
genesis	ChikiChikiBoys-Genesis	profiles/genesis/chikichikiboys_genesis.qrr	chikichikiboys|chikichikiboysgenesis	3
genesis	ChuckRock-Genesis	profiles/genesis/chuckrock_genesis.qrr	chuckrock|chuckrockgenesis	5
genesis	ChuckRockIISonOfChuck-Genesis	profiles/genesis/chuckrockiisonofchuck_genesis.qrr	chuckrockiisonofchuck|chuckrockiisonofchuckgenesis	5
genesis	ChuckRockIi-Genesis	profiles/genesis/chuckrockii_genesis.qrr	chuckrockii|chuckrockiigenesis	1
genesis	ClayFighter-Genesis	profiles/genesis/clayfighter_genesis.qrr	clayfighter|clayfightergenesis	3
genesis	Cliffhanger-Genesis	profiles/genesis/cliffhanger_genesis.qrr	cliffhanger|cliffhangergenesis	5
genesis	Columns-Genesis	profiles/genesis/columns_genesis.qrr	columns|columnsgenesis	2
genesis	CombatCars-Genesis	profiles/genesis/combatcars_genesis.qrr	combatcars|combatcarsgenesis	1
genesis	ComixZone-Genesis	profiles/genesis/comixzone_genesis.qrr	comixzone|comixzonegenesis	2
genesis	ContraHardCorps-Genesis	profiles/genesis/contrahardcorps_genesis.qrr	contrahardcorps|contrahardcorpsgenesis	4
genesis	CoolSpot-Genesis	profiles/genesis/coolspot_genesis.qrr	coolspot|coolspotgenesis	6
genesis	CrackDown-Genesis	profiles/genesis/crackdown_genesis.qrr	crackdown|crackdowngenesis	3
genesis	CrueBallHeavyMetalPinball-Genesis	profiles/genesis/crueballheavymetalpinball_genesis.qrr	crueballheavymetalpinball|crueballheavymetalpinballgenesis	1
genesis	CrusaderOfCenty-Genesis	profiles/genesis/crusaderofcenty_genesis.qrr	crusaderofcenty|crusaderofcentygenesis	1
genesis	Curse-Genesis	profiles/genesis/curse_genesis.qrr	curse|cursegenesis	3
genesis	CutthroatIsland-Genesis	profiles/genesis/cutthroatisland_genesis.qrr	cutthroatisland|cutthroatislandgenesis	7
genesis	Cyberball-Genesis	profiles/genesis/cyberball_genesis.qrr	cyberball|cyberballgenesis	1
genesis	CyborgJustice-Genesis	profiles/genesis/cyborgjustice_genesis.qrr	cyborgjustice|cyborgjusticegenesis	5
genesis	DJBoy-Genesis	profiles/genesis/djboy_genesis.qrr	djboy|djboygenesis	3
genesis	DaisenpuuTwinHawk-Genesis	profiles/genesis/daisenpuutwinhawk_genesis.qrr	daisenpuutwinhawk|daisenpuutwinhawkgenesis	3
genesis	DangerousSeed-Genesis	profiles/genesis/dangerousseed_genesis.qrr	dangerousseed|dangerousseedgenesis	5
genesis	DariusII-Genesis	profiles/genesis/dariusii_genesis.qrr	dariusii|dariusiigenesis	4
genesis	DarkCastle-Genesis	profiles/genesis/darkcastle_genesis.qrr	darkcastle|darkcastlegenesis	5
genesis	Darwin4081-Genesis	profiles/genesis/darwin4081_genesis.qrr	darwin4081|darwin4081genesis	3
genesis	DashinDesperadoes-Genesis	profiles/genesis/dashindesperadoes_genesis.qrr	dashindesperadoes|dashindesperadoesgenesis	1
genesis	DavidRobinsonsSupremeCourt-Genesis	profiles/genesis/davidrobinsonssupremecourt_genesis.qrr	davidrobinsonssupremecourt|davidrobinsonssupremecourtgenesis	1
genesis	DazeBeforeChristmas-Genesis	profiles/genesis/dazebeforechristmas_genesis.qrr	dazebeforechristmas|dazebeforechristmasgenesis	5
genesis	DeadlyMoves-Genesis	profiles/genesis/deadlymoves_genesis.qrr	deadlymoves|deadlymovesgenesis	3
genesis	DeathDuel-Genesis	profiles/genesis/deathduel_genesis.qrr	deathduel|deathduelgenesis	3
genesis	DesertStrikeReturnToTheGulf-Genesis	profiles/genesis/desertstrikereturntothegulf_genesis.qrr	desertstrikereturntothegulf|desertstrikereturntothegulfgenesis	3
genesis	DevilCrashMD-Genesis	profiles/genesis/devilcrashmd_genesis.qrr	devilcrashmd|devilcrashmdgenesis	1
genesis	DevilishTheNextPossession-Genesis	profiles/genesis/devilishthenextpossession_genesis.qrr	devilishthenextpossession|devilishthenextpossessiongenesis	3
genesis	DickTracy-Genesis	profiles/genesis/dicktracy_genesis.qrr	dicktracy|dicktracygenesis	5
genesis	DinoLand-Genesis	profiles/genesis/dinoland_genesis.qrr	dinoland|dinolandgenesis	1
genesis	DoubleDragon-Genesis	profiles/genesis/doubledragon_genesis.qrr	doubledragon|doubledragongenesis	5
genesis	DoubleDragonIITheRevenge-Genesis	profiles/genesis/doubledragoniitherevenge_genesis.qrr	doubledragoniitherevenge|doubledragoniitherevengegenesis	5
genesis	DoubleDragonVTheShadowFalls-Genesis	profiles/genesis/doubledragonvtheshadowfalls_genesis.qrr	doubledragonvtheshadowfalls|doubledragonvtheshadowfallsgenesis	1
genesis	DrRobotniksMeanBeanMachine-Genesis	profiles/genesis/drrobotniksmeanbeanmachine_genesis.qrr	drrobotniksmeanbeanmachine|drrobotniksmeanbeanmachinegenesis	2
genesis	DragonTheBruceLeeStory-Genesis	profiles/genesis/dragonthebruceleestory_genesis.qrr	dragonthebruceleestory|dragonthebruceleestorygenesis	5
genesis	DragonsRevenge-Genesis	profiles/genesis/dragonsrevenge_genesis.qrr	dragons|dragonsrevenge|dragonsrevengegenesis	8
genesis	DynamiteDuke-Genesis	profiles/genesis/dynamiteduke_genesis.qrr	dynamiteduke|dynamitedukegenesis	3
genesis	DynamiteHeaddy-Genesis	profiles/genesis/dynamiteheaddy_genesis.qrr	dynamiteheaddy|dynamiteheaddygenesis	5
genesis	ESPNBaseballTonight-Genesis	profiles/genesis/espnbaseballtonight_genesis.qrr	espnbaseballtonight|espnbaseballtonightgenesis	4
genesis	EarnestEvans-Genesis	profiles/genesis/earnestevans_genesis.qrr	earnestevans|earnestevansgenesis	3
genesis	EarthwormJim-Genesis	profiles/genesis/earthwormjim_genesis.qrr	earthwormjim|earthwormjimgenesis	1
genesis	EarthwormJim2-Genesis	profiles/genesis/earthwormjim2_genesis.qrr	earthwormjim2|earthwormjim2genesis	1
genesis	ElViento-Genesis	profiles/genesis/elviento_genesis.qrr	elviento|elvientogenesis	3
genesis	ElementalMaster-Genesis	profiles/genesis/elementalmaster_genesis.qrr	elementalmaster|elementalmastergenesis	3
genesis	EliminateDown-Genesis	profiles/genesis/eliminatedown_genesis.qrr	eliminatedown|eliminatedowngenesis	3
genesis	EuropeanClubSoccer-Genesis	profiles/genesis/europeanclubsoccer_genesis.qrr	europeanclubsoccer|europeanclubsoccergenesis	1
genesis	ExMutants-Genesis	profiles/genesis/exmutants_genesis.qrr	exmutants|exmutantsgenesis	6
genesis	F1-Genesis	profiles/genesis/f1_genesis.qrr	f1|f1genesis	2
genesis	FZSenkiAxisFinalZone-Genesis	profiles/genesis/fzsenkiaxisfinalzone_genesis.qrr	fzsenkiaxisfinalzone|fzsenkiaxisfinalzonegenesis	3
genesis	Fantasia-Genesis	profiles/genesis/fantasia_genesis.qrr	fantasia|fantasiagenesis	5
genesis	FantasticDizzy-Genesis	profiles/genesis/fantasticdizzy_genesis.qrr	fantasticdizzy|fantasticdizzygenesis	5
genesis	FatalFury-Genesis	profiles/genesis/fatalfury_genesis.qrr	fatalfury|fatalfurygenesis	2
genesis	FatalFury2-Genesis	profiles/genesis/fatalfury2_genesis.qrr	fatalfury2|fatalfury2genesis	2
genesis	FatalLabyrinth-Genesis	profiles/genesis/fatallabyrinth_genesis.qrr	fatallabyrinth|fatallabyrinthgenesis	2
genesis	FatalRewind-Genesis	profiles/genesis/fatalrewind_genesis.qrr	fatalrewind|fatalrewindgenesis	5
genesis	FightingMasters-Genesis	profiles/genesis/fightingmasters_genesis.qrr	fightingmasters|fightingmastersgenesis	2
genesis	Flicky-Genesis	profiles/genesis/flicky_genesis.qrr	flicky|flickygenesis	4
genesis	Flintstones-Genesis	profiles/genesis/flintstones_genesis.qrr	flintstones|flintstonesgenesis	3
genesis	ForgottenWorlds-Genesis	profiles/genesis/forgottenworlds_genesis.qrr	forgottenworlds|forgottenworldsgenesis	3
genesis	Frogger-Genesis	profiles/genesis/frogger_genesis.qrr	frogger|froggergenesis	3
genesis	GadgetTwins-Genesis	profiles/genesis/gadgettwins_genesis.qrr	gadgettwins|gadgettwinsgenesis	3
genesis	Gaiares-Genesis	profiles/genesis/gaiares_genesis.qrr	gaiares|gaiaresgenesis	3
genesis	GainGround-Genesis	profiles/genesis/gainground_genesis.qrr	gainground|gaingroundgenesis	2
genesis	GalaxyForceII-Genesis	profiles/genesis/galaxyforceii_genesis.qrr	galaxyforceii|galaxyforceiigenesis	1
genesis	Gauntlet-Genesis	profiles/genesis/gauntlet_genesis.qrr	gauntlet|gauntletgenesis	3
genesis	GeneralChaos-Genesis	profiles/genesis/generalchaos_genesis.qrr	generalchaos|generalchaosgenesis	2
genesis	Ghostbusters-Genesis	profiles/genesis/ghostbusters_genesis.qrr	ghostbusters|ghostbustersgenesis	2
genesis	GhoulsnGhosts-Genesis	profiles/genesis/ghoulsnghosts_genesis.qrr	ghoulsnghosts|ghoulsnghostsgenesis	3
genesis	GlobalGladiators-Genesis	profiles/genesis/globalgladiators_genesis.qrr	globalgladiators|globalgladiatorsgenesis	2
genesis	Gods-Genesis	profiles/genesis/gods_genesis.qrr	gods|godsgenesis	6
genesis	GoldenAxe-Genesis	profiles/genesis/goldenaxe_genesis.qrr	goldenaxe|goldenaxegenesis	3
genesis	GoldenAxeIII-Genesis	profiles/genesis/goldenaxeiii_genesis.qrr	goldenaxeiii|goldenaxeiiigenesis	4
genesis	Granada-Genesis	profiles/genesis/granada_genesis.qrr	granada|granadagenesis	3
genesis	GreatCircusMysteryStarringMickeyAndMinnie-Genesis	profiles/genesis/greatcircusmysterystarringmickeyandminnie_genesis.qrr	greatcircusmysterystarringmickeyandminnie|greatcircusmysterystarringmickeyandminniegenesis	5
genesis	GreatWaldoSearch-Genesis	profiles/genesis/greatwaldosearch_genesis.qrr	greatwaldosearch|greatwaldosearchgenesis|greatwaldosearchthe	1
genesis	GreendogTheBeachedSurferDude-Genesis	profiles/genesis/greendogthebeachedsurferdude_genesis.qrr	greendogthebeachedsurferdude|greendogthebeachedsurferdudegenesis	5
genesis	GrindStormer-Genesis	profiles/genesis/grindstormer_genesis.qrr	grindstormer|grindstormergenesis	3
genesis	Growl-Genesis	profiles/genesis/growl_genesis.qrr	growl|growlgenesis	1
genesis	Gunship-Genesis	profiles/genesis/gunship_genesis.qrr	gunship|gunshipgenesis	3
genesis	Gynoug-Genesis	profiles/genesis/gynoug_genesis.qrr	gynoug|gynouggenesis	3
genesis	HardDrivin-Genesis	profiles/genesis/harddrivin_genesis.qrr	harddrivin|harddrivingenesis	1
genesis	Havoc-Genesis	profiles/genesis/havoc_genesis.qrr	havoc|havocgenesis	3
genesis	HeavyNova-Genesis	profiles/genesis/heavynova_genesis.qrr	heavynova|heavynovagenesis	3
genesis	HeavyUnitMegaDriveSpecial-Genesis	profiles/genesis/heavyunitmegadrivespecial_genesis.qrr	heavyunitmegadrivespecial|heavyunitmegadrivespecialgenesis	3
genesis	Hellfire-Genesis	profiles/genesis/hellfire_genesis.qrr	hellfire|hellfiregenesis	3
genesis	HokutoNoKen-Genesis	profiles/genesis/hokutonoken_genesis.qrr	hokutonoken|hokutonokengenesis	2
genesis	HomeAlone-Genesis	profiles/genesis/homealone_genesis.qrr	homealone|homealonegenesis	1
genesis	HomeAlone2LostInNewYork-Genesis	profiles/genesis/homealone2lostinnewyork_genesis.qrr	homealone2lostinnewyork|homealone2lostinnewyorkgenesis	5
genesis	Hook-Genesis	profiles/genesis/hook_genesis.qrr	hook|hookgenesis	5
genesis	Hurricanes-Genesis	profiles/genesis/hurricanes_genesis.qrr	hurricanes|hurricanesgenesis	6
genesis	IMGInternationalTourTennis-Genesis	profiles/genesis/imginternationaltourtennis_genesis.qrr	imginternationaltourtennis|imginternationaltourtennisgenesis	1
genesis	IncredibleCrashDummies-Genesis	profiles/genesis/incrediblecrashdummies_genesis.qrr	incrediblecrashdummies|incrediblecrashdummiesgenesis|incrediblecrashdummiesthe	6
genesis	IncredibleHulk-Genesis	profiles/genesis/incrediblehulk_genesis.qrr	incrediblehulk|incrediblehulkgenesis|incrediblehulkthe	5
genesis	IndianaJonesAndTheLastCrusade-Genesis	profiles/genesis/indianajonesandthelastcrusade_genesis.qrr	indianajonesandthelastcrusade|indianajonesandthelastcrusadegenesis	4
genesis	IndianaJonesLastCrusade-Genesis	profiles/genesis/indianajoneslastcrusade_genesis.qrr	indianajoneslastcrusade|indianajoneslastcrusadegenesis	1
genesis	InsectorX-Genesis	profiles/genesis/insectorx_genesis.qrr	insectorx|insectorxgenesis	3
genesis	IshidoTheWayOfStones-Genesis	profiles/genesis/ishidothewayofstones_genesis.qrr	ishidothewayofstones|ishidothewayofstonesgenesis	1
genesis	IzzysQuestForTheOlympicRings-Genesis	profiles/genesis/izzysquestfortheolympicrings_genesis.qrr	izzysquestfortheolympicrings|izzysquestfortheolympicringsgenesis	5
genesis	JamesBond007TheDuel-Genesis	profiles/genesis/jamesbond007theduel_genesis.qrr	jamesbond007theduel|jamesbond007theduelgenesis	5
genesis	JamesPond2CodenameRobocod-Genesis	profiles/genesis/jamespond2codenamerobocod_genesis.qrr	jamespond2codenamerobocod|jamespond2codenamerobocodgenesis	1
genesis	JamesPond3-Genesis	profiles/genesis/jamespond3_genesis.qrr	jamespond3|jamespond3genesis	5
genesis	JamesPond3OperationStarfi-Genesis	profiles/genesis/jamespond3operationstarfi_genesis.qrr	jamespond3operationstarfi|jamespond3operationstarfigenesis	1
genesis	JamesPondIICodenameRobocod-Genesis	profiles/genesis/jamespondiicodenamerobocod_genesis.qrr	jamespondiicodenamerobocod|jamespondiicodenamerobocodgenesis	6
genesis	JamesPondUnderwaterAgent-Genesis	profiles/genesis/jamespondunderwateragent_genesis.qrr	jamespondunderwateragent|jamespondunderwateragentgenesis	3
genesis	JewelMaster-Genesis	profiles/genesis/jewelmaster_genesis.qrr	jewelmaster|jewelmastergenesis	3
genesis	JoeAndMac-Genesis	profiles/genesis/joeandmac_genesis.qrr	joeandmac|joeandmacgenesis	5
genesis	JuJuDensetsuTokiGoingApeSpit-Genesis	profiles/genesis/jujudensetsutokigoingapespit_genesis.qrr	jujudensetsutokigoingapespit|jujudensetsutokigoingapespitgenesis	3
genesis	JudgeDredd-Genesis	profiles/genesis/judgedredd_genesis.qrr	judgedredd|judgedreddgenesis	5
genesis	JungleBook-Genesis	profiles/genesis/junglebook_genesis.qrr	junglebook|junglebookgenesis|junglebookthe	6
genesis	JusticeLeagueTaskForce-Genesis	profiles/genesis/justiceleaguetaskforce_genesis.qrr	justiceleaguetaskforce|justiceleaguetaskforcegenesis	3
genesis	KaGeKiFistsOfSteel-Genesis	profiles/genesis/kagekifistsofsteel_genesis.qrr	kagekifistsofsteel|kagekifistsofsteelgenesis	3
genesis	KidChameleon-Genesis	profiles/genesis/kidchameleon_genesis.qrr	kidchameleon|kidchameleongenesis	3
genesis	KingOfTheMonsters2-Genesis	profiles/genesis/kingofthemonsters2_genesis.qrr	kingofthemonsters2|kingofthemonsters2genesis	3
genesis	LastActionHero-Genesis	profiles/genesis/lastactionhero_genesis.qrr	lastactionhero|lastactionherogenesis	5
genesis	LastBattle-Genesis	profiles/genesis/lastbattle_genesis.qrr	lastbattle|lastbattlegenesis	3
genesis	LawnmowerMan-Genesis	profiles/genesis/lawnmowerman_genesis.qrr	lawnmowerman|lawnmowermangenesis|lawnmowermanthe	3
genesis	LegendOfGalahad-Genesis	profiles/genesis/legendofgalahad_genesis.qrr	legendofgalahad|legendofgalahadgenesis|legendofgalahadthe	5
genesis	LethalEnforcers-Genesis	profiles/genesis/lethalenforcers_genesis.qrr	lethalenforcers|lethalenforcersgenesis	1
genesis	LethalEnforcersIIGunFighters-Genesis	profiles/genesis/lethalenforcersiigunfighters_genesis.qrr	lethalenforcersiigunfighters|lethalenforcersiigunfightersgenesis	1
genesis	MUSHA-Genesis	profiles/genesis/musha_genesis.qrr	musha|mushagenesis	3
genesis	MagicalTaruruutoKun-Genesis	profiles/genesis/magicaltaruruutokun_genesis.qrr	magicaltaruruutokun|magicaltaruruutokungenesis	6
genesis	MaouRenjishi-Genesis	profiles/genesis/maourenjishi_genesis.qrr	maourenjishi|maourenjishigenesis	5
genesis	MarbleMadness-Genesis	profiles/genesis/marblemadness_genesis.qrr	marblemadness|marblemadnessgenesis	1
genesis	Marko-Genesis	profiles/genesis/marko_genesis.qrr	marko|markogenesis	11
genesis	Marsupilami-Genesis	profiles/genesis/marsupilami_genesis.qrr	marsupilami|marsupilamigenesis	3
genesis	MarvelLand-Genesis	profiles/genesis/marvelland_genesis.qrr	marvelland|marvellandgenesis	3
genesis	MazinSaga-Genesis	profiles/genesis/mazinsaga_genesis.qrr	mazinsaga|mazinsagagenesis	2
genesis	McDonaldsTreasureLandAdventure-Genesis	profiles/genesis/mcdonaldstreasurelandadventure_genesis.qrr	mcdonaldstreasurelandadventure|mcdonaldstreasurelandadventuregenesis	5
genesis	MegaManTheWilyWars-Genesis	profiles/genesis/megamanthewilywars_genesis.qrr	megamanthewilywars|megamanthewilywarsgenesis	5
genesis	MegaSWIV-Genesis	profiles/genesis/megaswiv_genesis.qrr	megaswiv|megaswivgenesis	3
genesis	MegaTurrican-Genesis	profiles/genesis/megaturrican_genesis.qrr	megaturrican|megaturricangenesis	5
genesis	MegamanWillyWars-Genesis	profiles/genesis/megamanwillywars_genesis.qrr	megamanwillywars|megamanwillywarsgenesis	1
genesis	Mercs-Genesis	profiles/genesis/mercs_genesis.qrr	mercs|mercsgenesis	2
genesis	MichaelJacksonsMoonw-Genesis	profiles/genesis/michaeljacksonsmoonw_genesis.qrr	michaeljacksonsmoonw|michaeljacksonsmoonwgenesis	2
genesis	MichaelJacksonsMoonwalker-Genesis	profiles/genesis/michaeljacksonsmoonwalker_genesis.qrr	michaeljacksonsmoonwalker|michaeljacksonsmoonwalkergenesis	5
genesis	MickeyMouseCastleOfIllusi-Genesis	profiles/genesis/mickeymousecastleofillusi_genesis.qrr	mickeymousecastleofillusi|mickeymousecastleofillusigenesis	2
genesis	MickeyMouseFantasia-Genesis	profiles/genesis/mickeymousefantasia_genesis.qrr	mickeymousefantasia|mickeymousefantasiagenesis	1
genesis	MidnightResistance-Genesis	profiles/genesis/midnightresistance_genesis.qrr	midnightresistance|midnightresistancegenesis	3
genesis	MightyMorphinPowerRangers-Genesis	profiles/genesis/mightymorphinpowerrangers_genesis.qrr	mightymorphinpowerrangers|mightymorphinpowerrangersgenesis	2
genesis	MightyMorphinPowerRangersTheMovie-Genesis	profiles/genesis/mightymorphinpowerrangersthemovie_genesis.qrr	mightymorphinpowerrangersthemovie|mightymorphinpowerrangersthemoviegenesis	3
genesis	MonsterLair-Genesis	profiles/genesis/monsterlair_genesis.qrr	monsterlair|monsterlairgenesis	5
genesis	MortalKombat-Genesis	profiles/genesis/mortalkombat_genesis.qrr	mortalkombat|mortalkombatgenesis	1
genesis	MortalKombat3-Genesis	profiles/genesis/mortalkombat3_genesis.qrr	mortalkombat3|mortalkombat3genesis	3
genesis	MortalKombatII-Genesis	profiles/genesis/mortalkombatii_genesis.qrr	mortalkombatii|mortalkombatiigenesis	3
genesis	MrNutz-Genesis	profiles/genesis/mrnutz_genesis.qrr	mrnutz|mrnutzgenesis	3
genesis	MsPacMan-Genesis	profiles/genesis/mspacman_genesis.qrr	mspacman|mspacmangenesis	3
genesis	NewZealandStory-Genesis	profiles/genesis/newzealandstory_genesis.qrr	newzealandstory|newzealandstorygenesis|newzealandstorythe	3
genesis	NormysBeachBabeORama-Genesis	profiles/genesis/normysbeachbabeorama_genesis.qrr	normysbeachbabeorama|normysbeachbabeoramagenesis	5
genesis	Ottifants-Genesis	profiles/genesis/ottifants_genesis.qrr	ottifants|ottifantsgenesis	5
genesis	PacMania-Genesis	profiles/genesis/pacmania_genesis.qrr	pacmania|pacmaniagenesis	3
genesis	Paperboy-Genesis	profiles/genesis/paperboy_genesis.qrr	paperboy|paperboygenesis	3
genesis	Paperboy2-Genesis	profiles/genesis/paperboy2_genesis.qrr	paperboy2|paperboy2genesis	9
genesis	Phelios-Genesis	profiles/genesis/phelios_genesis.qrr	phelios|pheliosgenesis	5
genesis	PinkGoesToHollywood-Genesis	profiles/genesis/pinkgoestohollywood_genesis.qrr	pinkgoestohollywood|pinkgoestohollywoodgenesis	5
genesis	PitFighter-Genesis	profiles/genesis/pitfighter_genesis.qrr	pitfighter|pitfightergenesis	6
genesis	PitfallTheMayanAdventure-Genesis	profiles/genesis/pitfallthemayanadventure_genesis.qrr	pitfallthemayanadventure|pitfallthemayanadventuregenesis	5
genesis	PowerAthlete-Genesis	profiles/genesis/powerathlete_genesis.qrr	powerathlete|powerathletegenesis	1
genesis	Predator2-Genesis	profiles/genesis/predator2_genesis.qrr	predator2|predator2genesis	5
genesis	Pulseman-Genesis	profiles/genesis/pulseman_genesis.qrr	pulseman|pulsemangenesis	5
genesis	Punisher-Genesis	profiles/genesis/punisher_genesis.qrr	punisher|punishergenesis	5
genesis	QuackShot-Genesis	profiles/genesis/quackshot_genesis.qrr	quackshot|quackshotgenesis	5
genesis	RadicalRex-Genesis	profiles/genesis/radicalrex_genesis.qrr	radicalrex|radicalrexgenesis	3
genesis	RaidenDensetsuRaidenTrad-Genesis	profiles/genesis/raidendensetsuraidentrad_genesis.qrr	raidendensetsuraidentrad|raidendensetsuraidentradgenesis	3
genesis	RamboIII-Genesis	profiles/genesis/ramboiii_genesis.qrr	ramboiii|ramboiiigenesis	3
genesis	RangerX-Genesis	profiles/genesis/rangerx_genesis.qrr	rangerx|rangerxgenesis	3
genesis	RastanSagaII-Genesis	profiles/genesis/rastansagaii_genesis.qrr	rastansagaii|rastansagaiigenesis	5
genesis	RenAndStimpyShowPresentsStimpysInvention-Genesis	profiles/genesis/renandstimpyshowpresentsstimpysinvention_genesis.qrr	renandstimpyshowpresentsstimpysinvention|renandstimpyshowpresentsstimpysinventiongenesis	5
genesis	RevengeOfShinobi-Genesis	profiles/genesis/revengeofshinobi_genesis.qrr	ofshinobithe	3
genesis	RiseOfTheRobots-Genesis	profiles/genesis/riseoftherobots_genesis.qrr	riseoftherobots|riseoftherobotsgenesis	4
genesis	RiskyWoods-Genesis	profiles/genesis/riskywoods_genesis.qrr	riskywoods|riskywoodsgenesis	3
genesis	Ristar-Genesis	profiles/genesis/ristar_genesis.qrr	ristar|ristargenesis	3
genesis	RoboCop3-Genesis	profiles/genesis/robocop3_genesis.qrr	robocop3|robocop3genesis	6
genesis	RocketKnightAdventures-Genesis	profiles/genesis/rocketknightadventures_genesis.qrr	rocketknightadventures|rocketknightadventuresgenesis	5
genesis	RockmanMegaworld-Genesis	profiles/genesis/rockmanmegaworld_genesis.qrr	rockmanmegaworld|rockmanmegaworldgenesis	1
genesis	RollingThunder2-Genesis	profiles/genesis/rollingthunder2_genesis.qrr	rollingthunder2|rollingthunder2genesis	3
genesis	Sagaia-Genesis	profiles/genesis/sagaia_genesis.qrr	sagaia|sagaiagenesis	3
genesis	SaintSword-Genesis	profiles/genesis/saintsword_genesis.qrr	saintsword|saintswordgenesis	5
genesis	SameSameSame-Genesis	profiles/genesis/samesamesame_genesis.qrr	samesamesame|samesamesamegenesis	3
genesis	SamuraiShodown-Genesis	profiles/genesis/samuraishodown_genesis.qrr	samuraishodown|samuraishodowngenesis	4
genesis	SecondSamurai-Genesis	profiles/genesis/secondsamurai_genesis.qrr	secondsamurai|secondsamuraigenesis	3
genesis	SenjouNoOokamiIIMercs-Genesis	profiles/genesis/senjounoookamiiimercs_genesis.qrr	senjounoookamiiimercs|senjounoookamiiimercsgenesis	3
genesis	ShadowDancerTheSecretOfShinobi-Genesis	profiles/genesis/shadowdancerthesecretofshinobi_genesis.qrr	shadowdancerthesecretofshinobi|shadowdancerthesecretofshinobigenesis	3
genesis	ShadowOfTheBeast-Genesis	profiles/genesis/shadowofthebeast_genesis.qrr	shadowofthebeast|shadowofthebeastgenesis	3
genesis	ShadowRun-Genesis	profiles/genesis/shadowrun_genesis.qrr	shadowrun|shadowrungenesis	1
genesis	ShaqFu-Genesis	profiles/genesis/shaqfu_genesis.qrr	shaqfu|shaqfugenesis	4
genesis	Shinobi3ReturnOfTheNinja-Genesis	profiles/genesis/shinobi3returnoftheninja_genesis.qrr	shinobi3returnoftheninja|shinobi3returnoftheninjagenesis	1
genesis	ShinobiIIIReturnOfTheNinjaMaster-Genesis	profiles/genesis/shinobiiiireturnoftheninjamaster_genesis.qrr	shinobiiiireturnoftheninjamaster|shinobiiiireturnoftheninjamastergenesis	5
genesis	SimpsonsBartVsTheSpaceMutants-Genesis	profiles/genesis/simpsonsbartvsthespacemutants_genesis.qrr	simpsonsbartvsthespacemutants|simpsonsbartvsthespacemutantsgenesis|simpsonsthebartvsthespacemutants	5
genesis	SkeletonKrew-Genesis	profiles/genesis/skeletonkrew_genesis.qrr	skeletonkrew|skeletonkrewgenesis	3
genesis	Smurfs-Genesis	profiles/genesis/smurfs_genesis.qrr	smurfs|smurfsgenesis	3
genesis	Socket-Genesis	profiles/genesis/socket_genesis.qrr	socket|socketgenesis	5
genesis	SolDeace-Genesis	profiles/genesis/soldeace_genesis.qrr	soldeace|soldeacegenesis	3
genesis	SoldiersOfFortune-Genesis	profiles/genesis/soldiersoffortune_genesis.qrr	soldiersoffortune|soldiersoffortunegenesis	3
genesis	Soleil-Genesis	profiles/genesis/soleil_genesis.qrr	soleil|soleilgenesis	1
genesis	Sonic3dBlast-Genesis	profiles/genesis/sonic3dblast_genesis.qrr	sonic3dblast|sonic3dblastgenesis	1
genesis	SonicAndKnuckles-Genesis	profiles/genesis/sonicandknuckles_genesis.qrr	sonicandknuckles|sonicandknucklesgenesis	4
genesis	SonicAndKnuckles3-Genesis	profiles/genesis/sonicandknuckles3_genesis.qrr	sonicandknuckles3|sonicandknuckles3genesis	7
genesis	SonicTheHedgehog-Genesis	profiles/genesis/sonicthehedgehog_genesis.qrr	sonicthehedgehog|sonicthehedgehoggenesis	7
genesis	SonicTheHedgehog2-Genesis	profiles/genesis/sonicthehedgehog2_genesis.qrr	sonicthehedgehog2|sonicthehedgehog2genesis	7
genesis	SonicTheHedgehog3-Genesis	profiles/genesis/sonicthehedgehog3_genesis.qrr	sonicthehedgehog3|sonicthehedgehog3genesis	4
genesis	SonicTheHedgehogRandomLevels-Genesis	profiles/genesis/sonicthehedgehograndomlevels_genesis.qrr	sonicthehedgehograndomlevels|sonicthehedgehograndomlevelsgenesis	1
genesis	SpaceHarrierII-Genesis	profiles/genesis/spaceharrierii_genesis.qrr	spaceharrierii|spaceharrieriigenesis	3
genesis	SpaceInvaders91-Genesis	profiles/genesis/spaceinvaders91_genesis.qrr	spaceinvaders91|spaceinvaders91genesis	3
genesis	Sparkster-Genesis	profiles/genesis/sparkster_genesis.qrr	sparkster|sparkstergenesis	5
genesis	Splatterhouse2-Genesis	profiles/genesis/splatterhouse2_genesis.qrr	splatterhouse2|splatterhouse2genesis	5
genesis	SpotGoesToHollywood-Genesis	profiles/genesis/spotgoestohollywood_genesis.qrr	spotgoestohollywood|spotgoestohollywoodgenesis	3
genesis	SteelEmpire-Genesis	profiles/genesis/steelempire_genesis.qrr	steelempire|steelempiregenesis	3
genesis	SteelTalons-Genesis	profiles/genesis/steeltalons_genesis.qrr	steeltalons|steeltalonsgenesis	3
genesis	Stormlord-Genesis	profiles/genesis/stormlord_genesis.qrr	stormlord|stormlordgenesis	3
genesis	StoryOfThorTheASuccessorOf-Genesis	profiles/genesis/storyofthortheasuccessorof_genesis.qrr	storyofthortheasuccessorof|storyofthortheasuccessorofgenesis	1
genesis	StreetFighterIISpecialChampionEdition-Genesis	profiles/genesis/streetfighteriispecialchampionedition_genesis.qrr	streetfighteriispecialchampionedition|streetfighteriispecialchampioneditiongenesis	4
genesis	StreetFighterIiSpecialChamp-Genesis	profiles/genesis/streetfighteriispecialchamp_genesis.qrr	streetfighteriispecialchamp|streetfighteriispecialchampgenesis	4
genesis	StreetSmart-Genesis	profiles/genesis/streetsmart_genesis.qrr	streetsmart|streetsmartgenesis	3
genesis	StreetsOfRage-Genesis	profiles/genesis/streetsofrage_genesis.qrr	streetsofrage|streetsofragegenesis	3
genesis	StreetsOfRage2-Genesis	profiles/genesis/streetsofrage2_genesis.qrr	streetsofrage2|streetsofrage2genesis	3
genesis	StreetsOfRage3-Genesis	profiles/genesis/streetsofrage3_genesis.qrr	streetsofrage3|streetsofrage3genesis	3
genesis	Strider-Genesis	profiles/genesis/strider_genesis.qrr	strider|stridergenesis	5
genesis	SubTerrania-Genesis	profiles/genesis/subterrania_genesis.qrr	subterrania|subterraniagenesis	3
genesis	SunsetRiders-Genesis	profiles/genesis/sunsetriders_genesis.qrr	sunsetriders|sunsetridersgenesis	3
genesis	SuperFantasyZone-Genesis	profiles/genesis/superfantasyzone_genesis.qrr	superfantasyzone|superfantasyzonegenesis	3
genesis	SuperHangOn-Genesis	profiles/genesis/superhangon_genesis.qrr	superhangon|superhangongenesis	1
genesis	SuperSmashTV-Genesis	profiles/genesis/supersmashtv_genesis.qrr	supersmashtv|supersmashtvgenesis	3
genesis	SuperThunderBlade-Genesis	profiles/genesis/superthunderblade_genesis.qrr	superthunderblade|superthunderbladegenesis	3
genesis	Superman-Genesis	profiles/genesis/superman_genesis.qrr	superman|supermangenesis	3
genesis	SwordOfSodan-Genesis	profiles/genesis/swordofsodan_genesis.qrr	swordofsodan|swordofsodangenesis	5
genesis	SydOfValis-Genesis	profiles/genesis/sydofvalis_genesis.qrr	sydofvalis|sydofvalisgenesis	5
genesis	SylvesterAndTweetyInCageyCapers-Genesis	profiles/genesis/sylvesterandtweetyincageycapers_genesis.qrr	sylvesterandtweetyincageycapers|sylvesterandtweetyincageycapersgenesis	3
genesis	T2TheArcadeGame-Genesis	profiles/genesis/t2thearcadegame_genesis.qrr	t2thearcadegame|t2thearcadegamegenesis	4
genesis	TargetEarth-Genesis	profiles/genesis/targetearth_genesis.qrr	targetearth|targetearthgenesis	3
genesis	TaskForceHarrierEX-Genesis	profiles/genesis/taskforceharrierex_genesis.qrr	taskforceharrierex|taskforceharrierexgenesis	3
genesis	TazMania-Genesis	profiles/genesis/tazmania_genesis.qrr	tazmania|tazmaniagenesis	5
genesis	TeenageMutantNinjaTurtles-Genesis	profiles/genesis/teenagemutantninjaturtles_genesis.qrr	teenagemutantninjaturtles|teenagemutantninjaturtlesgenesis	2
genesis	TeenageMutantNinjaTurtlesTheHyperstoneHeist-Genesis	profiles/genesis/teenagemutantninjaturtlesthehyperstoneheist_genesis.qrr	teenagemutantninjaturtlesthehyperstoneheist|teenagemutantninjaturtlesthehyperstoneheistgenesis	5
genesis	TeenageMutantNinjaTurtlesTournamentFighters-Genesis	profiles/genesis/teenagemutantninjaturtlestournamentfighters_genesis.qrr	teenagemutantninjaturtlestournamentfighters|teenagemutantninjaturtlestournamentfightersgenesis	4
genesis	Terminator-Genesis	profiles/genesis/terminator_genesis.qrr	terminator|terminatorgenesis	3
genesis	ThunderForceII-Genesis	profiles/genesis/thunderforceii_genesis.qrr	thunderforceii|thunderforceiigenesis	3
genesis	ThunderForceIII-Genesis	profiles/genesis/thunderforceiii_genesis.qrr	thunderforceiii|thunderforceiiigenesis	3
genesis	ThunderForceIV-Genesis	profiles/genesis/thunderforceiv_genesis.qrr	thunderforceiv|thunderforceivgenesis	3
genesis	ThunderFox-Genesis	profiles/genesis/thunderfox_genesis.qrr	thunderfox|thunderfoxgenesis	5
genesis	Tick-Genesis	profiles/genesis/tick_genesis.qrr	tick|tickgenesis	5
genesis	TinHead-Genesis	profiles/genesis/tinhead_genesis.qrr	tinhead|tinheadgenesis	6
genesis	TinyToonAdventuresBusters-Genesis	profiles/genesis/tinytoonadventuresbusters_genesis.qrr	tinytoonadventuresbusters|tinytoonadventuresbustersgenesis	1
genesis	TinyToonAdventuresBustersHiddenTreasure-Genesis	profiles/genesis/tinytoonadventuresbustershiddentreasure_genesis.qrr	tinytoonadventuresbustershiddentreasure|tinytoonadventuresbustershiddentreasuregenesis	6
genesis	ToxicCrusaders-Genesis	profiles/genesis/toxiccrusaders_genesis.qrr	toxiccrusaders|toxiccrusadersgenesis	5
genesis	TrampolineTerror-Genesis	profiles/genesis/trampolineterror_genesis.qrr	trampolineterror|trampolineterrorgenesis	3
genesis	TroubleShooter-Genesis	profiles/genesis/troubleshooter_genesis.qrr	troubleshooter|troubleshootergenesis	4
genesis	Truxton-Genesis	profiles/genesis/truxton_genesis.qrr	truxton|truxtongenesis	3
genesis	Turrican-Genesis	profiles/genesis/turrican_genesis.qrr	turrican|turricangenesis	5
genesis	TwinCobraDesertAttackHelicopter-Genesis	profiles/genesis/twincobradesertattackhelicopter_genesis.qrr	twincobradesertattackhelicopter|twincobradesertattackhelicoptergenesis	4
genesis	TwinkleTale-Genesis	profiles/genesis/twinkletale_genesis.qrr	twinkletale|twinkletalegenesis	3
genesis	TwoCrudeDudes-Genesis	profiles/genesis/twocrudedudes_genesis.qrr	twocrudedudes|twocrudedudesgenesis	5
genesis	UltimateMortalKombat3-Genesis	profiles/genesis/ultimatemortalkombat3_genesis.qrr	ultimatemortalkombat3|ultimatemortalkombat3genesis	2
genesis	UndeadLine-Genesis	profiles/genesis/undeadline_genesis.qrr	undeadline|undeadlinegenesis	5
genesis	UniversalSoldier-Genesis	profiles/genesis/universalsoldier_genesis.qrr	universalsoldier|universalsoldiergenesis	3
genesis	UzuKeobukseon-Genesis	profiles/genesis/uzukeobukseon_genesis.qrr	uzukeobukseon|uzukeobukseongenesis	3
genesis	VRTroopers-Genesis	profiles/genesis/vrtroopers_genesis.qrr	vrtroopers|vrtroopersgenesis	4
genesis	VaporTrail-Genesis	profiles/genesis/vaportrail_genesis.qrr	vaportrail|vaportrailgenesis	5
genesis	Vectorman-Genesis	profiles/genesis/vectorman_genesis.qrr	vectorman|vectormangenesis	3
genesis	Vectorman2-Genesis	profiles/genesis/vectorman2_genesis.qrr	vectorman2|vectorman2genesis	3
genesis	Viewpoint-Genesis	profiles/genesis/viewpoint_genesis.qrr	viewpoint|viewpointgenesis	3
genesis	VirtuaFighter2-Genesis	profiles/genesis/virtuafighter2_genesis.qrr	virtuafighter2|virtuafighter2genesis	3
genesis	WWFArcade-Genesis	profiles/genesis/wwfarcade_genesis.qrr	wwfarcade|wwfarcadegenesis	3
genesis	WaniWaniWorld-Genesis	profiles/genesis/waniwaniworld_genesis.qrr	waniwaniworld|waniwaniworldgenesis	3
genesis	Wardner-Genesis	profiles/genesis/wardner_genesis.qrr	wardner|wardnergenesis	3
genesis	WhipRush-Genesis	profiles/genesis/whiprush_genesis.qrr	whiprush|whiprushgenesis	8
genesis	WingsOfWor-Genesis	profiles/genesis/wingsofwor_genesis.qrr	wingsofwor|wingsofworgenesis	1
genesis	WiznLiz-Genesis	profiles/genesis/wiznliz_genesis.qrr	wiznliz|wiznlizgenesis	3
genesis	Wolfchild-Genesis	profiles/genesis/wolfchild_genesis.qrr	wolfchild|wolfchildgenesis	5
genesis	WolverineAdamantiumRage-Genesis	profiles/genesis/wolverineadamantiumrage_genesis.qrr	wolverineadamantiumrage|wolverineadamantiumragegenesis	5
genesis	WorldHeroes-Genesis	profiles/genesis/worldheroes_genesis.qrr	worldheroes|worldheroesgenesis	4
genesis	XDRXDazedlyRay-Genesis	profiles/genesis/xdrxdazedlyray_genesis.qrr	xdrxdazedlyray|xdrxdazedlyraygenesis	3
genesis	Xenon2Megablast-Genesis	profiles/genesis/xenon2megablast_genesis.qrr	xenon2megablast|xenon2megablastgenesis	3
genesis	ZeroTheKamikazeSquirrel-Genesis	profiles/genesis/zerothekamikazesquirrel_genesis.qrr	zerothekamikazesquirrel|zerothekamikazesquirrelgenesis	5
genesis	ZeroTolerance-Genesis	profiles/genesis/zerotolerance_genesis.qrr	zerotolerance|zerotolerancegenesis	1
genesis	ZeroWing-Genesis	profiles/genesis/zerowing_genesis.qrr	zerowing|zerowinggenesis	3
genesis	ZoolNinjaOfTheNthDimension-Genesis	profiles/genesis/zoolninjaofthenthdimension_genesis.qrr	zoolninjaofthenthdimension|zoolninjaofthenthdimensiongenesis	5
snes	3NinjasKickBack-Snes	profiles/snes/3ninjaskickback_snes.qrr	3ninjaskickback|3ninjaskickbacksnes	1
snes	7thSaga-Snes	profiles/snes/7thsaga_snes.qrr	7thsaga|7thsagasnes	2
snes	AaahhRealMonsters-Snes	profiles/snes/aaahhrealmonsters_snes.qrr	aaahhrealmonsters|aaahhrealmonsterssnes	1
snes	AcceleBrid-Snes	profiles/snes/accelebrid_snes.qrr	accelebrid|accelebridsnes	3
snes	ActRaiser2-Snes	profiles/snes/actraiser2_snes.qrr	actraiser2|actraiser2snes	3
snes	ActionPachio-Snes	profiles/snes/actionpachio_snes.qrr	actionpachio|actionpachiosnes	5
snes	Actraiser-Snes	profiles/snes/actraiser_snes.qrr	actraiser|actraisersnes	2
snes	AddamsFamily-Snes	profiles/snes/addamsfamily_snes.qrr	addamsfamily|addamsfamilysnes|addamsfamilythe	5
snes	AddamsFamilyPugsleysScavengerHunt-Snes	profiles/snes/addamsfamilypugsleysscavengerhunt_snes.qrr	addamsfamilypugsleysscavengerhunt|addamsfamilypugsleysscavengerhuntsnes|addamsfamilythepugsleysscavengerhunt	5
snes	AddamsFamilyPugsleysScavengerHuntThe-Snes	profiles/snes/addamsfamilypugsleysscavengerhuntthe_snes.qrr	addamsfamilypugsleysscavengerhuntthe|addamsfamilypugsleysscavengerhuntthesnes	2
snes	AddamsFamilyValues-Snes	profiles/snes/addamsfamilyvalues_snes.qrr	addamsfamilyvalues|addamsfamilyvaluessnes	1
snes	AdventuresOfBatmanandRobinThe-Snes	profiles/snes/adventuresofbatmanandrobinthe_snes.qrr	adventuresofbatmanandrobinthe|adventuresofbatmanandrobinthesnes	2
snes	AdventuresOfDrFranken-Snes	profiles/snes/adventuresofdrfranken_snes.qrr	adventuresofdrfranken|adventuresofdrfrankensnes|adventuresofdrfrankenthe	5
snes	AdventuresOfKidKleets-Snes	profiles/snes/adventuresofkidkleets_snes.qrr	adventuresofkidkleets|adventuresofkidkleetssnes	5
snes	AdventuresOfMightyMax-Snes	profiles/snes/adventuresofmightymax_snes.qrr	adventuresofmightymax|adventuresofmightymaxsnes	5
snes	AdventuresOfRockyAndBullwinkle-Snes	profiles/snes/adventuresofrockyandbullwinkle_snes.qrr	adventuresofrockyandbullwinkle|adventuresofrockyandbullwinklesnes	2
snes	AdventuresOfRockyAndBullwinkleAndFriends-Snes	profiles/snes/adventuresofrockyandbullwinkleandfriends_snes.qrr	adventuresofrockyandbullwinkleandfriends|adventuresofrockyandbullwinkleandfriendssnes|adventuresofrockyandbullwinkleandfriendsthe	5
snes	AdventuresOfYogiBear-Snes	profiles/snes/adventuresofyogibear_snes.qrr	adventuresofyogibear|adventuresofyogibearsnes	12
snes	AeroFighters-Snes	profiles/snes/aerofighters_snes.qrr	aerofighters|aerofighterssnes	3
snes	AeroTheAcroBat-Snes	profiles/snes/aerotheacrobat_snes.qrr	aerotheacrobat|aerotheacrobatsnes	2
snes	AeroTheAcroBat2-Snes	profiles/snes/aerotheacrobat2_snes.qrr	aerotheacrobat2|aerotheacrobat2snes	5
snes	AirCavalry-Snes	profiles/snes/aircavalry_snes.qrr	aircavalry|aircavalrysnes	3
snes	Aladdin-Snes	profiles/snes/aladdin_snes.qrr	aladdin|aladdinsnes	2
snes	Alcahest-Snes	profiles/snes/alcahest_snes.qrr	alcahest|alcahestsnes	2
snes	AlfredChicken-Snes	profiles/snes/alfredchicken_snes.qrr	alfredchicken|alfredchickensnes	3
snes	AlienIii-Snes	profiles/snes/alieniii_snes.qrr	alieniii|alieniiisnes	1
snes	AlienVsPredator-Snes	profiles/snes/alienvspredator_snes.qrr	alienvspredator|alienvspredatorsnes	5
snes	AnAmericanTailFievelGoesWest-Snes	profiles/snes/anamericantailfievelgoeswest_snes.qrr	anamericantailfievelgoeswest|anamericantailfievelgoeswestsnes	1
snes	ArcherMacleansSuperDropzone-Snes	profiles/snes/archermacleanssuperdropzone_snes.qrr	archermacleanssuperdropzone|archermacleanssuperdropzonesnes	3
snes	ArdyLightfoot-Snes	profiles/snes/ardylightfoot_snes.qrr	ardylightfoot|ardylightfootsnes	3
snes	ArtOfFighting-Snes	profiles/snes/artoffighting_snes.qrr	artoffighting|artoffightingsnes	4
snes	Asterix-Snes	profiles/snes/asterix_snes.qrr	asterix|asterixsnes	5
snes	Axelay-Snes	profiles/snes/axelay_snes.qrr	axelay|axelaysnes	3
snes	BOB-Snes	profiles/snes/bob_snes.qrr	bob|bobsnes	12
snes	Ballz3d-Snes	profiles/snes/ballz3d_snes.qrr	ballz3d|ballz3dsnes	2
snes	BatmanForever-Snes	profiles/snes/batmanforever_snes.qrr	batmanforever|batmanforeversnes	1
snes	BatmanReturns-Snes	profiles/snes/batmanreturns_snes.qrr	batmanreturns|batmanreturnssnes	5
snes	BattleBlaze-Snes	profiles/snes/battleblaze_snes.qrr	battleblaze|battleblazesnes	1
snes	BattleMasterKyuukyokuNoSenshiTachi-Snes	profiles/snes/battlemasterkyuukyokunosenshitachi_snes.qrr	battlemasterkyuukyokunosenshitachi|battlemasterkyuukyokunosenshitachisnes	3
snes	BattleZequeDen-Snes	profiles/snes/battlezequeden_snes.qrr	battlezequeden|battlezequedensnes	3
snes	BattletoadsDoubleDragon-Snes	profiles/snes/battletoadsdoubledragon_snes.qrr	battletoadsdoubledragon|battletoadsdoubledragonsnes	7
snes	BattletoadsInBattlemaniacs-Snes	profiles/snes/battletoadsinbattlemaniacs_snes.qrr	battletoadsinbattlemaniacs|battletoadsinbattlemaniacssnes	6
snes	BattletoadsandDoubleDragon-Snes	profiles/snes/battletoadsanddoubledragon_snes.qrr	battletoadsanddoubledragon|battletoadsanddoubledragonsnes	1
snes	BeautyAndTheBeast-Snes	profiles/snes/beautyandthebeast_snes.qrr	beautyandthebeast|beautyandthebeastsnes	1
snes	BeavisAndButtHead-Snes	profiles/snes/beavisandbutthead_snes.qrr	beavisandbutthead|beavisandbuttheadsnes	1
snes	BebesKids-Snes	profiles/snes/bebeskids_snes.qrr	bebeskids|bebeskidssnes	5
snes	Beethovens2nd-Snes	profiles/snes/beethovens2nd_snes.qrr	beethovens2nd|beethovens2ndsnes	1
snes	BioMetal-Snes	profiles/snes/biometal_snes.qrr	biometal|biometalsnes	3
snes	BishoujoSenshiSailorMoonR-Snes	profiles/snes/bishoujosenshisailormoonr_snes.qrr	bishoujosenshisailormoonr|bishoujosenshisailormoonrsnes	5
snes	BlaZeonTheBioCyborgChallenge-Snes	profiles/snes/blazeonthebiocyborgchallenge_snes.qrr	blazeonthebiocyborgchallenge|blazeonthebiocyborgchallengesnes	3
snes	BlockKuzushi-Snes	profiles/snes/blockkuzushi_snes.qrr	blockkuzushi|blockkuzushisnes	3
snes	Bonkers-Snes	profiles/snes/bonkers_snes.qrr	bonkers|bonkerssnes	1
snes	BoogermanAPickAndFlickAdventure-Snes	profiles/snes/boogermanapickandflickadventure_snes.qrr	boogermanapickandflickadventure|boogermanapickandflickadventuresnes	5
snes	BramStokersDracula-Snes	profiles/snes/bramstokersdracula_snes.qrr	bramstokersdracula|bramstokersdraculasnes	5
snes	BrawlBrothers-Snes	profiles/snes/brawlbrothers_snes.qrr	brawlbrothers|brawlbrotherssnes	5
snes	BronkieTheBronchiasaurus-Snes	profiles/snes/bronkiethebronchiasaurus_snes.qrr	bronkiethebronchiasaurus|bronkiethebronchiasaurussnes	5
snes	BrutalPawsOfFury-Snes	profiles/snes/brutalpawsoffury_snes.qrr	brutalpawsoffury|brutalpawsoffurysnes	1
snes	BsKaizouChoujinShubibinmanZero-Snes	profiles/snes/bskaizouchoujinshubibinmanzero_snes.qrr	bskaizouchoujinshubibinmanzero|bskaizouchoujinshubibinmanzerosnes	4
snes	BsZeldaAncientStoneTablets-Snes	profiles/snes/bszeldaancientstonetablets_snes.qrr	bszeldaancientstonetablets|bszeldaancientstonetabletssnes	2
snes	BubsyII-Snes	profiles/snes/bubsyii_snes.qrr	bubsyii|bubsyiisnes	3
snes	BubsyInClawsEncounters-Snes	profiles/snes/bubsyinclawsencounters_snes.qrr	bubsyinclawsencounters|bubsyinclawsencounterssnes	1
snes	BubsyInClawsEncountersOfTheFurredKind-Snes	profiles/snes/bubsyinclawsencountersofthefurredkind_snes.qrr	bubsyinclawsencountersofthefurredkind|bubsyinclawsencountersofthefurredkindsnes	3
snes	BugsBunnyRabbitRampage-Snes	profiles/snes/bugsbunnyrabbitrampage_snes.qrr	bugsbunnyrabbitrampage|bugsbunnyrabbitrampagesnes	1
snes	CacomaKnightInBizyland-Snes	profiles/snes/cacomaknightinbizyland_snes.qrr	cacomaknightinbizyland|cacomaknightinbizylandsnes	3
snes	Cameltry-Snes	profiles/snes/cameltry_snes.qrr	cameltry|cameltrysnes	2
snes	CaptainAmericaAndTheAvengers-Snes	profiles/snes/captainamericaandtheavengers_snes.qrr	captainamericaandtheavengers|captainamericaandtheavengerssnes	5
snes	CaptainCommando-Snes	profiles/snes/captaincommando_snes.qrr	captaincommando|captaincommandosnes	5
snes	CaptainNovolin-Snes	profiles/snes/captainnovolin_snes.qrr	captainnovolin|captainnovolinsnes	1
snes	Casper-Snes	profiles/snes/casper_snes.qrr	casper|caspersnes	1
snes	CastlevaniaDraculaX-Snes	profiles/snes/castlevaniadraculax_snes.qrr	castlevaniadraculax|castlevaniadraculaxsnes	5
snes	ChesterCheetahTooCoolToFool-Snes	profiles/snes/chestercheetahtoocooltofool_snes.qrr	chestercheetahtoocooltofool|chestercheetahtoocooltofoolsnes	3
snes	ChesterCheetahWildWildQuest-Snes	profiles/snes/chestercheetahwildwildquest_snes.qrr	chestercheetahwildwildquest|chestercheetahwildwildquestsnes	8
snes	ChoplifterIIIRescueSurvive-Snes	profiles/snes/choplifteriiirescuesurvive_snes.qrr	choplifteriiirescuesurvive|choplifteriiirescuesurvivesnes	3
snes	ChoplifterIii-Snes	profiles/snes/choplifteriii_snes.qrr	choplifteriii|choplifteriiisnes	1
snes	ChoujikuuYousaiMacrossScrambledValkyrie-Snes	profiles/snes/choujikuuyousaimacrossscrambledvalkyrie_snes.qrr	choujikuuyousaimacrossscrambledvalkyrie|choujikuuyousaimacrossscrambledvalkyriesnes	3
snes	ChronoTrigger-Snes	profiles/snes/chronotrigger_snes.qrr	chronotrigger|chronotriggersnes	4
snes	ChuckRock-Snes	profiles/snes/chuckrock_snes.qrr	chuckrock|chuckrocksnes	5
snes	ClayFighter-Snes	profiles/snes/clayfighter_snes.qrr	clayfighter|clayfightersnes	2
snes	ClayFighter2JudgementClay-Snes	profiles/snes/clayfighter2judgementclay_snes.qrr	clayfighter2judgementclay|clayfighter2judgementclaysnes	2
snes	ClayFighterTournamentEdition-Snes	profiles/snes/clayfightertournamentedition_snes.qrr	clayfightertournamentedition|clayfightertournamenteditionsnes	2
snes	Claymates-Snes	profiles/snes/claymates_snes.qrr	claymates|claymatessnes	3
snes	Cliffhanger-Snes	profiles/snes/cliffhanger_snes.qrr	cliffhanger|cliffhangersnes	5
snes	CongosCaper-Snes	profiles/snes/congoscaper_snes.qrr	congoscaper|congoscapersnes	4
snes	ContraIIITheAlienWars-Snes	profiles/snes/contraiiithealienwars_snes.qrr	contraiiithealienwars|contraiiithealienwarssnes	6
snes	CoolSpot-Snes	profiles/snes/coolspot_snes.qrr	coolspot|coolspotsnes	10
snes	CosmoGangTheVideo-Snes	profiles/snes/cosmogangthevideo_snes.qrr	cosmogangthevideo|cosmogangthevideosnes	3
snes	CutthroatIsland-Snes	profiles/snes/cutthroatisland_snes.qrr	cutthroatisland|cutthroatislandsnes	1
snes	Cybernator-Snes	profiles/snes/cybernator_snes.qrr	cybernator|cybernatorsnes	2
snes	Cybernatorf-Snes	profiles/snes/cybernatorf_snes.qrr	cybernatorf|cybernatorfsnes	3
snes	DaffyDuckTheMarvinMissions-Snes	profiles/snes/daffyduckthemarvinmissions_snes.qrr	daffyduckthemarvinmissions|daffyduckthemarvinmissionssnes	5
snes	DariusForce-Snes	profiles/snes/dariusforce_snes.qrr	dariusforce|dariusforcesnes	3
snes	DariusTwin-Snes	profiles/snes/dariustwin_snes.qrr	dariustwin|dariustwinsnes	3
snes	DazeBeforeChristmas-Snes	profiles/snes/dazebeforechristmas_snes.qrr	dazebeforechristmas|dazebeforechristmassnes	5
snes	DeaeTonosamaAppareIchiban-Snes	profiles/snes/deaetonosamaappareichiban_snes.qrr	deaetonosamaappareichiban|deaetonosamaappareichibansnes	4
snes	DeathAndReturnOfSuperman-Snes	profiles/snes/deathandreturnofsuperman_snes.qrr	deathandreturnofsuperman|deathandreturnofsupermansnes	1
snes	DemolitionMan-Snes	profiles/snes/demolitionman_snes.qrr		1
snes	DemonsCrest-Snes	profiles/snes/demonscrest_snes.qrr		1
snes	DennisTheMenace-Snes	profiles/snes/dennisthemenace_snes.qrr	dennisthemenace|dennisthemenacesnes	3
snes	DimensionForce-Snes	profiles/snes/dimensionforce_snes.qrr	dimensionforce|dimensionforcesnes	3
snes	DinoCity-Snes	profiles/snes/dinocity_snes.qrr	dinocity|dinocitysnes	5
snes	DoReMiFantasyMilonNoDokidokiD-Snes	profiles/snes/doremifantasymilonnodokidokid_snes.qrr	doremifantasymilonnodokidokid|doremifantasymilonnodokidokidsnes	1
snes	DonkeyKongCountry-Snes	profiles/snes/donkeykongcountry_snes.qrr	donkeykongcountry|donkeykongcountrysnes	3
snes	DonkeyKongCountry2-Snes	profiles/snes/donkeykongcountry2_snes.qrr	donkeykongcountry2|donkeykongcountry2snes	2
snes	DonkeyKongCountry3DixieKongsDoubleTrouble-Snes	profiles/snes/donkeykongcountry3dixiekongsdoubletrouble_snes.qrr	donkeykongcountry3dixiekongsdoubletrouble|donkeykongcountry3dixiekongsdoubletroublesnes	3
snes	DonkeyKongCountryIi-Snes	profiles/snes/donkeykongcountryii_snes.qrr	donkeykongcountryii|donkeykongcountryiisnes	1
snes	Doom-Snes	profiles/snes/doom_snes.qrr	doom|doomsnes	2
snes	DoubleDragonVTheShadowFalls-Snes	profiles/snes/doubledragonvtheshadowfalls_snes.qrr	doubledragonvtheshadowfalls|doubledragonvtheshadowfallssnes	1
snes	DragonTheBruceLeeStory-Snes	profiles/snes/dragonthebruceleestory_snes.qrr	dragonthebruceleestory|dragonthebruceleestorysnes	7
snes	DragonView-Snes	profiles/snes/dragonview_snes.qrr	dragonview|dragonviewsnes	1
snes	DragonsLair-Snes	profiles/snes/dragonslair_snes.qrr	dragonslair|dragonslairsnes	5
snes	E-Snes	profiles/snes/e_snes.qrr	e|esnes	1
snes	EarthDefenseForce-Snes	profiles/snes/earthdefenseforce_snes.qrr	earthdefenseforce|earthdefenseforcesnes	3
snes	Equinox-Snes	profiles/snes/equinox_snes.qrr	equinox|equinoxsnes	1
snes	FamilyDog-Snes	profiles/snes/familydog_snes.qrr	familydog|familydogsnes	5
snes	FatalFury-Snes	profiles/snes/fatalfury_snes.qrr	fatalfury|fatalfurysnes	2
snes	FatalFuryIi-Snes	profiles/snes/fatalfuryii_snes.qrr	fatalfuryii|fatalfuryiisnes	2
snes	FatalFurySpecial-Snes	profiles/snes/fatalfuryspecial_snes.qrr	fatalfuryspecial|fatalfuryspecialsnes	2
snes	FightersHistory-Snes	profiles/snes/fightershistory_snes.qrr	fightershistory|fightershistorysnes	2
snes	FinalFantasyIiiViInJapan-Snes	profiles/snes/finalfantasyiiiviinjapan_snes.qrr	finalfantasyiiiviinjapan|finalfantasyiiiviinjapansnes	5
snes	FinalFantasyV-Snes	profiles/snes/finalfantasyv_snes.qrr	finalfantasyv|finalfantasyvsnes	3
snes	FinalFight-Snes	profiles/snes/finalfight_snes.qrr	finalfight|finalfightsnes	3
snes	FinalFight2-Snes	profiles/snes/finalfight2_snes.qrr	finalfight2|finalfight2snes	5
snes	FinalFight3-Snes	profiles/snes/finalfight3_snes.qrr	finalfight3|finalfight3snes	5
snes	FinalFightGuy-Snes	profiles/snes/finalfightguy_snes.qrr	finalfightguy|finalfightguysnes	5
snes	FireStriker-Snes	profiles/snes/firestriker_snes.qrr	firestriker|firestrikersnes	1
snes	FirstSamurai-Snes	profiles/snes/firstsamurai_snes.qrr	firstsamurai|firstsamuraisnes	6
snes	Flintstones-Snes	profiles/snes/flintstones_snes.qrr	flintstones|flintstonessnes	3
snes	FlintstonesTreasureOfSierraMadro-Snes	profiles/snes/flintstonestreasureofsierramadro_snes.qrr	flintstonestreasureofsierramadro|flintstonestreasureofsierramadrosnes	1
snes	FlyingHeroBugyuruNoDaibouken-Snes	profiles/snes/flyingherobugyurunodaibouken_snes.qrr	flyingherobugyurunodaibouken|flyingherobugyurunodaiboukensnes	3
snes	FrontMissionGunHazard-Snes	profiles/snes/frontmissiongunhazard_snes.qrr	frontmissiongunhazard|frontmissiongunhazardsnes	2
snes	GhoulPatrol-Snes	profiles/snes/ghoulpatrol_snes.qrr	ghoulpatrol|ghoulpatrolsnes	1
snes	GoGoAckmanIi-Snes	profiles/snes/gogoackmanii_snes.qrr	gogoackmanii|gogoackmaniisnes	1
snes	Gods-Snes	profiles/snes/gods_snes.qrr	gods|godssnes	5
snes	GokujouParodius-Snes	profiles/snes/gokujouparodius_snes.qrr	gokujouparodius|gokujouparodiussnes	3
snes	GradiusIII-Snes	profiles/snes/gradiusiii_snes.qrr	gradiusiii|gradiusiiisnes	3
snes	GreatCircusMysteryStarringMick-Snes	profiles/snes/greatcircusmysterystarringmick_snes.qrr	greatcircusmysterystarringmick|greatcircusmysterystarringmicksnes	3
snes	GreatCircusMysteryStarringMickeyAndMinnie-Snes	profiles/snes/greatcircusmysterystarringmickeyandminnie_snes.qrr	greatcircusmysterystarringmickeyandminnie|greatcircusmysterystarringmickeyandminniesnes	5
snes	Hagane-Snes	profiles/snes/hagane_snes.qrr	hagane|haganesnes	2
snes	HamelinNoViolinHiki-Snes	profiles/snes/hamelinnoviolinhiki_snes.qrr	hamelinnoviolinhiki|hamelinnoviolinhikisnes	1
snes	HarleysHumongousAdventure-Snes	profiles/snes/harleyshumongousadventure_snes.qrr	harleyshumongousadventure|harleyshumongousadventuresnes	6
snes	HomeAlone-Snes	profiles/snes/homealone_snes.qrr	homealone|homealonesnes	1
snes	HomeAlone2LostInNewYork-Snes	profiles/snes/homealone2lostinnewyork_snes.qrr	homealone2lostinnewyork|homealone2lostinnewyorksnes	1
snes	Hook-Snes	profiles/snes/hook_snes.qrr	hook|hooksnes	5
snes	HuntForRedOctober-Snes	profiles/snes/huntforredoctober_snes.qrr	huntforredoctober|huntforredoctobersnes	3
snes	Hurricanes-Snes	profiles/snes/hurricanes_snes.qrr	hurricanes|hurricanessnes	5
snes	IgnitionFactor-Snes	profiles/snes/ignitionfactor_snes.qrr	ignitionfactor|ignitionfactorsnes	1
snes	Imperium-Snes	profiles/snes/imperium_snes.qrr	imperium|imperiumsnes	3
snes	Incantation-Snes	profiles/snes/incantation_snes.qrr	incantation|incantationsnes	6
snes	IncredibleCrashDummies-Snes	profiles/snes/incrediblecrashdummies_snes.qrr	incrediblecrashdummies|incrediblecrashdummiessnes	1
snes	IncredibleHulk-Snes	profiles/snes/incrediblehulk_snes.qrr	incrediblehulk|incrediblehulksnes	5
snes	IndianaJonesGreatestAdventures-Snes	profiles/snes/indianajonesgreatestadventures_snes.qrr	indianajonesgreatestadventures|indianajonesgreatestadventuressnes	1
snes	InspectorGadget-Snes	profiles/snes/inspectorgadget_snes.qrr	inspectorgadget|inspectorgadgetsnes	4
snes	ItchyAndScratchyGame-Snes	profiles/snes/itchyandscratchygame_snes.qrr	itchyandscratchygame|itchyandscratchygamesnes	7
snes	IzzysQuestForTheOlympicRings-Snes	profiles/snes/izzysquestfortheolympicrings_snes.qrr	izzysquestfortheolympicrings|izzysquestfortheolympicringssnes	5
snes	JamesBondJr-Snes	profiles/snes/jamesbondjr_snes.qrr	jamesbondjr|jamesbondjrsnes	1
snes	JellyBoy-Snes	profiles/snes/jellyboy_snes.qrr	jellyboy|jellyboysnes	5
snes	Jetsons-Snes	profiles/snes/jetsons_snes.qrr	jetsons|jetsonssnes	1
snes	JetsonsInvasionOfThePlanetPirates-Snes	profiles/snes/jetsonsinvasionoftheplanetpirates_snes.qrr	jetsonsinvasionoftheplanetpirates|jetsonsinvasionoftheplanetpiratessnes|jetsonstheinvasionoftheplanetpirates	5
snes	JimLeesWildcats-Snes	profiles/snes/jimleeswildcats_snes.qrr	jimleeswildcats|jimleeswildcatssnes	1
snes	JoeAndMac-Snes	profiles/snes/joeandmac_snes.qrr	joeandmac|joeandmacsnes	5
snes	JoeAndMac2LostInTheTropics-Snes	profiles/snes/joeandmac2lostinthetropics_snes.qrr	joeandmac2lostinthetropics|joeandmac2lostinthetropicssnes	5
snes	JudgeDredd-Snes	profiles/snes/judgedredd_snes.qrr	judgedredd|judgedreddsnes	5
snes	JungleBook-Snes	profiles/snes/junglebook_snes.qrr	junglebook|junglebooksnes	6
snes	JurassicParkIiTheChaosContinues-Snes	profiles/snes/jurassicparkiithechaoscontinues_snes.qrr	jurassicparkiithechaoscontinues|jurassicparkiithechaoscontinuessnes	1
snes	JusticeLeagueTaskForce-Snes	profiles/snes/justiceleaguetaskforce_snes.qrr	justiceleaguetaskforce|justiceleaguetaskforcesnes	1
snes	KaiteTsukutteAsoberuDezaemon-Snes	profiles/snes/kaitetsukutteasoberudezaemon_snes.qrr	kaitetsukutteasoberudezaemon|kaitetsukutteasoberudezaemonsnes	3
snes	KendoRage-Snes	profiles/snes/kendorage_snes.qrr	kendorage|kendoragesnes	1
snes	KidKlownInCrazyChase-Snes	profiles/snes/kidklownincrazychase_snes.qrr	kidklownincrazychase|kidklownincrazychasesnes	3
snes	KillerInstinct-Snes	profiles/snes/killerinstinct_snes.qrr	killerinstinct|killerinstinctsnes	2
snes	KingArthurandTheKnightsOfJustice-Snes	profiles/snes/kingarthurandtheknightsofjustice_snes.qrr	kingarthurandtheknightsofjustice|kingarthurandtheknightsofjusticesnes	1
snes	KingOfDragons-Snes	profiles/snes/kingofdragons_snes.qrr	kingofdragons|kingofdragonssnes	5
snes	KingOfDragonsThe-Snes	profiles/snes/kingofdragonsthe_snes.qrr	kingofdragonsthe|kingofdragonsthesnes	1
snes	KingOfTheMonsters-Snes	profiles/snes/kingofthemonsters_snes.qrr	kingofthemonsters|kingofthemonsterssnes	2
snes	KingOfTheMonsters2-Snes	profiles/snes/kingofthemonsters2_snes.qrr	kingofthemonsters2|kingofthemonsters2snes	5
snes	KirbySuperStar-Snes	profiles/snes/kirbysuperstar_snes.qrr	kirbysuperstar|kirbysuperstarsnes	2
snes	KishinDoujiZenkiBatoruRaiden-Snes	profiles/snes/kishindoujizenkibatoruraiden_snes.qrr	kishindoujizenkibatoruraiden|kishindoujizenkibatoruraidensnes	2
snes	KnightsOfTheRound-Snes	profiles/snes/knightsoftheround_snes.qrr	knightsoftheround|knightsoftheroundsnes	5
snes	LastActionHero-Snes	profiles/snes/lastactionhero_snes.qrr	lastactionhero|lastactionherosnes	5
snes	Legend-Snes	profiles/snes/legend_snes.qrr	legend|legendsnes	3
snes	LegendOfTheMysticalNinjaTh-Snes	profiles/snes/legendofthemysticalninjath_snes.qrr	legendofthemysticalninjath|legendofthemysticalninjathsnes	4
snes	LegendOfZeldaTheALinkTo-Snes	profiles/snes/legendofzeldathealinkto_snes.qrr	legendofzeldathealinkto|legendofzeldathealinktosnes	2
snes	LethalWeapon-Snes	profiles/snes/lethalweapon_snes.qrr	lethalweapon|lethalweaponsnes	5
snes	LionKing-Snes	profiles/snes/lionking_snes.qrr	lionking|lionkingsnes	1
snes	MagicBoy-Snes	profiles/snes/magicboy_snes.qrr	magicboy|magicboysnes	8
snes	MagicSword-Snes	profiles/snes/magicsword_snes.qrr	magicsword|magicswordsnes	5
snes	MagicalPopn-Snes	profiles/snes/magicalpopn_snes.qrr	magicalpopn|magicalpopnsnes	1
snes	MagicalQuestStarringMickeyM-Snes	profiles/snes/magicalqueststarringmickeym_snes.qrr	magicalqueststarringmickeym|magicalqueststarringmickeymsnes	2
snes	MagicalQuestStarringMickeyMouse-Snes	profiles/snes/magicalqueststarringmickeymouse_snes.qrr	magicalqueststarringmickeymouse|magicalqueststarringmickeymousesnes|magicalqueststarringmickeymousethe	5
snes	MajuuOu-Snes	profiles/snes/majuuou_snes.qrr	majuuou|majuuousnes	2
snes	MarvelSuperHeroesWarOfTheGems-Snes	profiles/snes/marvelsuperheroeswarofthegems_snes.qrr	marvelsuperheroeswarofthegems|marvelsuperheroeswarofthegemssnes	1
snes	MaryShelleysFrankenstein-Snes	profiles/snes/maryshelleysfrankenstein_snes.qrr	maryshelleysfrankenstein|maryshelleysfrankensteinsnes	1
snes	Mask-Snes	profiles/snes/mask_snes.qrr	mask|masksnes	5
snes	MauiMallardInColdShadow-Snes	profiles/snes/mauimallardincoldshadow_snes.qrr	mauimallardincoldshadow|mauimallardincoldshadowsnes	1
snes	Mechwarrior-Snes	profiles/snes/mechwarrior_snes.qrr	mechwarrior|mechwarriorsnes	1
snes	MegaManX-Snes	profiles/snes/megamanx_snes.qrr	megamanx|megamanxsnes	1
snes	MegaManX2-Snes	profiles/snes/megamanx2_snes.qrr	megamanx2|megamanx2snes	1
snes	MegaManX3-Snes	profiles/snes/megamanx3_snes.qrr	megamanx3|megamanx3snes	1
snes	MegamanVii-Snes	profiles/snes/megamanvii_snes.qrr	megamanvii|megamanviisnes	1
snes	MichaelJordanChaosInTheWindyCity-Snes	profiles/snes/michaeljordanchaosinthewindycity_snes.qrr	michaeljordanchaosinthewindycity|michaeljordanchaosinthewindycitysnes	1
snes	MickeyNoTokyoDisneylandDaibouken-Snes	profiles/snes/mickeynotokyodisneylanddaibouken_snes.qrr	mickeynotokyodisneylanddaibouken|mickeynotokyodisneylanddaiboukensnes	1
snes	MickeyToDonaldMagicalAdve-Snes	profiles/snes/mickeytodonaldmagicaladve_snes.qrr	mickeytodonaldmagicaladve|mickeytodonaldmagicaladvesnes	2
snes	Mickeymania-Snes	profiles/snes/mickeymania_snes.qrr	mickeymania|mickeymaniasnes	1
snes	MightyMaxAdventuresOf-Snes	profiles/snes/mightymaxadventuresof_snes.qrr	mightymaxadventuresof|mightymaxadventuresofsnes	1
snes	MightyMorphinPowerRangers-Snes	profiles/snes/mightymorphinpowerrangers_snes.qrr	mightymorphinpowerrangers|mightymorphinpowerrangerssnes	1
snes	MightyMorphinPowerRangersFe-Snes	profiles/snes/mightymorphinpowerrangersfe_snes.qrr	mightymorphinpowerrangersfe|mightymorphinpowerrangersfesnes	1
snes	MightyMorphinPowerRangersMovie-Snes	profiles/snes/mightymorphinpowerrangersmovie_snes.qrr	mightymorphinpowerrangersmovie|mightymorphinpowerrangersmoviesnes	1
snes	MightyMorphinPowerRangersTheMovie-Snes	profiles/snes/mightymorphinpowerrangersthemovie_snes.qrr	mightymorphinpowerrangersthemovie|mightymorphinpowerrangersthemoviesnes	5
snes	MortalKombat-Snes	profiles/snes/mortalkombat_snes.qrr	mortalkombat|mortalkombatsnes	2
snes	MortalKombat3-Snes	profiles/snes/mortalkombat3_snes.qrr	mortalkombat3|mortalkombat3snes	2
snes	MrNutz-Snes	profiles/snes/mrnutz_snes.qrr	mrnutz|mrnutzsnes	4
snes	Musya-Snes	profiles/snes/musya_snes.qrr	musya|musyasnes	1
snes	NBAJam-Snes	profiles/snes/nbajam_snes.qrr	nbajam|nbajamsnes	2
snes	NBAJamTournamentEdition-Snes	profiles/snes/nbajamtournamentedition_snes.qrr	nbajamtournamentedition|nbajamtournamenteditionsnes	2
snes	NankokuShounenPapuwaKun-Snes	profiles/snes/nankokushounenpapuwakun_snes.qrr	nankokushounenpapuwakun|nankokushounenpapuwakunsnes	2
snes	NbaJamTe-Snes	profiles/snes/nbajamte_snes.qrr	nbajamte|nbajamtesnes	2
snes	NinjaGaidenTrilogy-Snes	profiles/snes/ninjagaidentrilogy_snes.qrr	ninjagaidentrilogy|ninjagaidentrilogysnes	3
snes	NinjaWarriors-Snes	profiles/snes/ninjawarriors_snes.qrr	ninjawarriors|ninjawarriorssnes	1
snes	NoEscape-Snes	profiles/snes/noescape_snes.qrr	noescape|noescapesnes	1
snes	OperationLogicBomb-Snes	profiles/snes/operationlogicbomb_snes.qrr	operationlogicbomb|operationlogicbombsnes	1
snes	OperationThunderbolt-Snes	profiles/snes/operationthunderbolt_snes.qrr	operationthunderbolt|operationthunderboltsnes	1
snes	Oscar-Snes	profiles/snes/oscar_snes.qrr	oscar|oscarsnes	1
snes	OutToLunch-Snes	profiles/snes/outtolunch_snes.qrr	outtolunch|outtolunchsnes	3
snes	PacInTime-Snes	profiles/snes/pacintime_snes.qrr	pacintime|pacintimesnes	5
snes	PackyandMarlon-Snes	profiles/snes/packyandmarlon_snes.qrr	packyandmarlon|packyandmarlonsnes	1
snes	Parodius-Snes	profiles/snes/parodius_snes.qrr	parodius|parodiussnes	3
snes	PeaceKeepers-Snes	profiles/snes/peacekeepers_snes.qrr	peacekeepers|peacekeeperssnes|peacekeepersthe	3
snes	Phalanx-Snes	profiles/snes/phalanx_snes.qrr	phalanx|phalanxsnes	3
snes	Phantom2040-Snes	profiles/snes/phantom2040_snes.qrr	phantom2040|phantom2040snes	1
snes	Pinocchio-Snes	profiles/snes/pinocchio_snes.qrr	pinocchio|pinocchiosnes	1
snes	PiratesOfDarkWater-Snes	profiles/snes/piratesofdarkwater_snes.qrr	piratesofdarkwater|piratesofdarkwatersnes|piratesofdarkwaterthe	5
snes	PitfallTheMayanAdventure-Snes	profiles/snes/pitfallthemayanadventure_snes.qrr	pitfallthemayanadventure|pitfallthemayanadventuresnes	6
snes	Plok-Snes	profiles/snes/plok_snes.qrr	plok|ploksnes	5
snes	PockyandRocky-Snes	profiles/snes/pockyandrocky_snes.qrr	pockyandrocky|pockyandrockysnes	6
snes	PopnTwinBee-Snes	profiles/snes/popntwinbee_snes.qrr	popntwinbee|popntwinbeesnes	3
snes	PopnTwinBeeRainbowBellAdventures-Snes	profiles/snes/popntwinbeerainbowbelladventures_snes.qrr	popntwinbeerainbowbelladventures|popntwinbeerainbowbelladventuressnes	3
snes	PorkyPigsHauntedHoliday-Snes	profiles/snes/porkypigshauntedholiday_snes.qrr	porkypigshauntedholiday|porkypigshauntedholidaysnes	6
snes	PowerInstinct-Snes	profiles/snes/powerinstinct_snes.qrr	powerinstinct|powerinstinctsnes	2
snes	PowerMoves-Snes	profiles/snes/powermoves_snes.qrr	powermoves|powermovessnes	2
snes	PowerPiggsOfTheDarkAge-Snes	profiles/snes/powerpiggsofthedarkage_snes.qrr	powerpiggsofthedarkage|powerpiggsofthedarkagesnes	3
snes	PrehistorikMan-Snes	profiles/snes/prehistorikman_snes.qrr	prehistorikman|prehistorikmansnes	5
snes	PrimalRage-Snes	profiles/snes/primalrage_snes.qrr	primalrage|primalragesnes	2
snes	PsychoDream-Snes	profiles/snes/psychodream_snes.qrr	psychodream|psychodreamsnes	2
snes	PuttySquad-Snes	profiles/snes/puttysquad_snes.qrr	puttysquad|puttysquadsnes	6
snes	RTypeIII-Snes	profiles/snes/rtypeiii_snes.qrr	rtypeiii|rtypeiiisnes	3
snes	RTypeIiiTheThirdLightnin-Snes	profiles/snes/rtypeiiithethirdlightnin_snes.qrr	rtypeiiithethirdlightnin|rtypeiiithethirdlightninsnes	3
snes	RadicalRex-Snes	profiles/snes/radicalrex_snes.qrr	radicalrex|radicalrexsnes	3
snes	RaidenDensetsu-Snes	profiles/snes/raidendensetsu_snes.qrr	raidendensetsu|raidendensetsusnes	3
snes	Realm-Snes	profiles/snes/realm_snes.qrr	realm|realmsnes	5
snes	RenAndStimpyShowVeediots-Snes	profiles/snes/renandstimpyshowveediots_snes.qrr	renandstimpyshowveediots|renandstimpyshowveediotssnes	5
snes	RenandStimpyShowBuckeroos-Snes	profiles/snes/renandstimpyshowbuckeroos_snes.qrr	renandstimpyshowbuckeroos|renandstimpyshowbuckeroossnes	1
snes	RenandStimpyShowFireDogs-Snes	profiles/snes/renandstimpyshowfiredogs_snes.qrr	renandstimpyshowfiredogs|renandstimpyshowfiredogssnes	1
snes	RenderingRangerR2-Snes	profiles/snes/renderingrangerr2_snes.qrr	renderingrangerr2|renderingrangerr2snes	7
snes	RiseOfTheRobots-Snes	profiles/snes/riseoftherobots_snes.qrr	riseoftherobots|riseoftherobotssnes	2
snes	RivalTurf-Snes	profiles/snes/rivalturf_snes.qrr	rivalturf|rivalturfsnes	5
snes	RiverCityRansom2-Snes	profiles/snes/rivercityransom2_snes.qrr	rivercityransom2|rivercityransom2snes	2
snes	RoadRunnersDeathValleyRally-Snes	profiles/snes/roadrunnersdeathvalleyrally_snes.qrr	roadrunnersdeathvalleyrally|roadrunnersdeathvalleyrallysnes	5
snes	RoboCop3-Snes	profiles/snes/robocop3_snes.qrr	robocop3|robocop3snes	5
snes	RoboCopVersusTheTerminator-Snes	profiles/snes/robocopversustheterminator_snes.qrr	robocoptheterminator|robocopversustheterminator|robocopversustheterminatorsnes	5
snes	RobocopVsTerminator-Snes	profiles/snes/robocopvsterminator_snes.qrr	robocopvsterminator|robocopvsterminatorsnes	1
snes	RockmanandForte-Snes	profiles/snes/rockmanandforte_snes.qrr	rockmanandforte|rockmanandfortesnes	1
snes	RunSaber-Snes	profiles/snes/runsaber_snes.qrr	runsaber|runsabersnes	5
snes	SamuraiShodown-Snes	profiles/snes/samuraishodown_snes.qrr	samuraishodown|samuraishodownsnes	2
snes	SaturdayNightSlamMasters-Snes	profiles/snes/saturdaynightslammasters_snes.qrr	saturdaynightslammasters|saturdaynightslammasterssnes	2
snes	SecretOfEvermore-Snes	profiles/snes/secretofevermore_snes.qrr	secretofevermore|secretofevermoresnes	4
snes	ShaqFu-Snes	profiles/snes/shaqfu_snes.qrr	shaqfu|shaqfusnes	2
snes	ShiensRevenge-Snes	profiles/snes/shiensrevenge_snes.qrr	shiensrevenge|shiensrevengesnes	1
snes	SkuljaggerRevoltOfTheWesticans-Snes	profiles/snes/skuljaggerrevoltofthewesticans_snes.qrr	skuljaggerofthewesticans|skuljaggerrevoltofthewesticans|skuljaggerrevoltofthewesticanssnes	4
snes	Skyblazer-Snes	profiles/snes/skyblazer_snes.qrr	skyblazer|skyblazersnes	3
snes	SmartBall-Snes	profiles/snes/smartball_snes.qrr	smartball|smartballsnes	5
snes	Smurfs-Snes	profiles/snes/smurfs_snes.qrr	smurfs|smurfssnes	5
snes	SnowWhiteInHappilyEverAfter-Snes	profiles/snes/snowwhiteinhappilyeverafter_snes.qrr	snowwhiteinhappilyeverafter|snowwhiteinhappilyeveraftersnes	1
snes	SoldiersOfFortune-Snes	profiles/snes/soldiersoffortune_snes.qrr	soldiersoffortune|soldiersoffortunesnes	1
snes	SonicBlastMan-Snes	profiles/snes/sonicblastman_snes.qrr	sonicblastman|sonicblastmansnes	5
snes	SonicBlastManII-Snes	profiles/snes/sonicblastmanii_snes.qrr	sonicblastmanii|sonicblastmaniisnes	5
snes	SonicWings-Snes	profiles/snes/sonicwings_snes.qrr	sonicwings|sonicwingssnes	3
snes	SoulBlazer-Snes	profiles/snes/soulblazer_snes.qrr	soulblazer|soulblazersnes	2
snes	SpaceInvaders-Snes	profiles/snes/spaceinvaders_snes.qrr	spaceinvaders|spaceinvaderssnes	3
snes	SpaceMegaforce-Snes	profiles/snes/spacemegaforce_snes.qrr	spacemegaforce|spacemegaforcesnes	3
snes	SpankysQuest-Snes	profiles/snes/spankysquest_snes.qrr	spankysquest|spankysquestsnes	4
snes	Sparkster-Snes	profiles/snes/sparkster_snes.qrr	sparkster|sparkstersnes	3
snes	Spawn-Snes	profiles/snes/spawn_snes.qrr	spawn|spawnsnes	1
snes	SpeedyGonzalesLosGatosBandidos-Snes	profiles/snes/speedygonzaleslosgatosbandidos_snes.qrr	speedygonzaleslosgatosbandidos|speedygonzaleslosgatosbandidossnes	5
snes	SpiderMan-Snes	profiles/snes/spiderman_snes.qrr	spiderman|spidermansnes	1
snes	SpiderManandTheXMenInArcadesRev-Snes	profiles/snes/spidermanandthexmeninarcadesrev_snes.qrr	spidermanandthexmeninarcadesrev|spidermanandthexmeninarcadesrevsnes	1
snes	SpiderManandVenomMaximumCarnage-Snes	profiles/snes/spidermanandvenommaximumcarnage_snes.qrr	spidermanandvenommaximumcarnage|spidermanandvenommaximumcarnagesnes	1
snes	SpiderManandVenomSeparationAnxiety-Snes	profiles/snes/spidermanandvenomseparationanxiety_snes.qrr	spidermanandvenomseparationanxiety|spidermanandvenomseparationanxietysnes	8
snes	SprigganPowered-Snes	profiles/snes/sprigganpowered_snes.qrr	sprigganpowered|sprigganpoweredsnes	3
snes	StarFox-Snes	profiles/snes/starfox_snes.qrr	starfox|starfoxsnes	1
snes	Stargate-Snes	profiles/snes/stargate_snes.qrr	stargate|stargatesnes	1
snes	StoneProtectors-Snes	profiles/snes/stoneprotectors_snes.qrr	stoneprotectors|stoneprotectorssnes	5
snes	StreetCombat-Snes	profiles/snes/streetcombat_snes.qrr	streetcombat|streetcombatsnes	2
snes	StreetFighterAlpha2-Snes	profiles/snes/streetfighteralpha2_snes.qrr	streetfighteralpha2|streetfighteralpha2snes	2
snes	StreetFighterIiTheWorldWarrior-Snes	profiles/snes/streetfighteriitheworldwarrior_snes.qrr	streetfighteriitheworldwarrior|streetfighteriitheworldwarriorsnes	2
snes	StreetFighterIiTurboHyperFight-Snes	profiles/snes/streetfighteriiturbohyperfight_snes.qrr	streetfighteriiturbohyperfight|streetfighteriiturbohyperfightsnes	2
snes	SunsetRiders-Snes	profiles/snes/sunsetriders_snes.qrr	sunsetriders|sunsetriderssnes	2
snes	SuperAdventureIsland-Snes	profiles/snes/superadventureisland_snes.qrr	superadventureisland|superadventureislandsnes	4
snes	SuperAlfredChicken-Snes	profiles/snes/superalfredchicken_snes.qrr	superalfredchicken|superalfredchickensnes	3
snes	SuperBCKid-Snes	profiles/snes/superbckid_snes.qrr	superbckid|superbckidsnes	5
snes	SuperBackToTheFuturePartIi-Snes	profiles/snes/superbacktothefuturepartii_snes.qrr	superbacktothefuturepartii|superbacktothefuturepartiisnes	1
snes	SuperBonk-Snes	profiles/snes/superbonk_snes.qrr	superbonk|superbonksnes	1
snes	SuperCastlevaniaIV-Snes	profiles/snes/supercastlevaniaiv_snes.qrr	supercastlevaniaiv|supercastlevaniaivsnes	5
snes	SuperDoubleDragon-Snes	profiles/snes/superdoubledragon_snes.qrr	superdoubledragon|superdoubledragonsnes	3
snes	SuperGhoulsnGhosts-Snes	profiles/snes/superghoulsnghosts_snes.qrr	superghoulsnghosts|superghoulsnghostssnes	3
snes	SuperJamesPond-Snes	profiles/snes/superjamespond_snes.qrr	superjamespond|superjamespondsnes	5
snes	SuperMarioAllstars-Snes	profiles/snes/supermarioallstars_snes.qrr	supermarioallstars|supermarioallstarssnes	1
snes	SuperMarioKart-Snes	profiles/snes/supermariokart_snes.qrr	supermariokart|supermariokartsnes	2
snes	SuperMarioWorld-Snes	profiles/snes/supermarioworld_snes.qrr	supermarioworld|supermarioworldsnes	4
snes	SuperMarioWorld2-Snes	profiles/snes/supermarioworld2_snes.qrr	supermarioworld2|supermarioworld2snes	5
snes	SuperMetroid-Snes	profiles/snes/supermetroid_snes.qrr	supermetroid|supermetroidsnes	1
snes	SuperPunchOut-Snes	profiles/snes/superpunchout_snes.qrr	superpunchout|superpunchoutsnes	3
snes	SuperRType-Snes	profiles/snes/superrtype_snes.qrr	superrtype|superrtypesnes	3
snes	SuperSWIV-Snes	profiles/snes/superswiv_snes.qrr	superswiv|superswivsnes	4
snes	SuperSmashTV-Snes	profiles/snes/supersmashtv_snes.qrr	supersmashtv|supersmashtvsnes	3
snes	SuperStarWars-Snes	profiles/snes/superstarwars_snes.qrr	superstarwars|superstarwarssnes	12
snes	SuperStarWarsEmpireStrike-Snes	profiles/snes/superstarwarsempirestrike_snes.qrr	superstarwarsempirestrike|superstarwarsempirestrikesnes	1
snes	SuperStarWarsReturnOfThe-Snes	profiles/snes/superstarwarsreturnofthe_snes.qrr	superstarwarsreturnofthe|superstarwarsreturnofthesnes	1
snes	SuperStarWarsReturnOfTheJedi-Snes	profiles/snes/superstarwarsreturnofthejedi_snes.qrr	superstarwarsreturnofthejedi|superstarwarsreturnofthejedisnes	11
snes	SuperStarWarsTheEmpireStrikesBack-Snes	profiles/snes/superstarwarstheempirestrikesback_snes.qrr	superstarwarstheempirestrikesback|superstarwarstheempirestrikesbacksnes	11
snes	SuperStreetFighterIi-Snes	profiles/snes/superstreetfighterii_snes.qrr	superstreetfighterii|superstreetfighteriisnes	2
snes	SuperStrikeGunner-Snes	profiles/snes/superstrikegunner_snes.qrr	superstrikegunner|superstrikegunnersnes	2
snes	SuperTrollIslands-Snes	profiles/snes/supertrollislands_snes.qrr	supertrollislands|supertrollislandssnes	4
snes	SuperTurrican-Snes	profiles/snes/superturrican_snes.qrr	superturrican|superturricansnes	5
snes	SuperTurrican2-Snes	profiles/snes/superturrican2_snes.qrr	superturrican2|superturrican2snes	6
snes	SuperValisIV-Snes	profiles/snes/supervalisiv_snes.qrr	supervalisiv|supervalisivsnes	3
snes	SuperWidget-Snes	profiles/snes/superwidget_snes.qrr	superwidget|superwidgetsnes	3
snes	SwatKatsTheRadicalSquadron-Snes	profiles/snes/swatkatstheradicalsquadron_snes.qrr	swatkatstheradicalsquadron|swatkatstheradicalsquadronsnes	1
snes	T2TheArcadeGame-Snes	profiles/snes/t2thearcadegame_snes.qrr	t2thearcadegame|t2thearcadegamesnes	3
snes	TazMania-Snes	profiles/snes/tazmania_snes.qrr	tazmania|tazmaniasnes	4
snes	TeenageMutantNinjaTurtlesI-Snes	profiles/snes/teenagemutantninjaturtlesi_snes.qrr	teenagemutantninjaturtlesi|teenagemutantninjaturtlesisnes	2
snes	TeenageMutantNinjaTurtlesIVTurtlesInTime-Snes	profiles/snes/teenagemutantninjaturtlesivturtlesintime_snes.qrr	teenagemutantninjaturtlesivturtlesintime|teenagemutantninjaturtlesivturtlesintimesnes	3
snes	TeenageMutantNinjaTurtlesIv-Snes	profiles/snes/teenagemutantninjaturtlesiv_snes.qrr	teenagemutantninjaturtlesiv|teenagemutantninjaturtlesivsnes	4
snes	Terminator2JudgmentDay-Snes	profiles/snes/terminator2judgmentday_snes.qrr	terminator2judgmentday|terminator2judgmentdaysnes	1
snes	TerminatorThe-Snes	profiles/snes/terminatorthe_snes.qrr	terminatorthe|terminatorthesnes	1
snes	TetrisAttack-Snes	profiles/snes/tetrisattack_snes.qrr	tetrisattack|tetrisattacksnes	3
snes	ThunderSpirits-Snes	profiles/snes/thunderspirits_snes.qrr	thunderspirits|thunderspiritssnes	3
snes	Tick-Snes	profiles/snes/tick_snes.qrr	tick|ticksnes	8
snes	TickThe-Snes	profiles/snes/tickthe_snes.qrr	tickthe|tickthesnes	1
snes	TimeTrax-Snes	profiles/snes/timetrax_snes.qrr	timetrax|timetraxsnes	1
snes	Timecop-Snes	profiles/snes/timecop_snes.qrr	timecop|timecopsnes	1
snes	Timeslip-Snes	profiles/snes/timeslip_snes.qrr	timeslip|timeslipsnes	1
snes	TinyToonAdventuresBusterBustsLo-Snes	profiles/snes/tinytoonadventuresbusterbustslo_snes.qrr	tinytoonadventuresbusterbustslo|tinytoonadventuresbusterbustslosnes	1
snes	TinyToonAdventuresBusterBustsLoose-Snes	profiles/snes/tinytoonadventuresbusterbustsloose_snes.qrr	tinytoonadventuresbusterbustsloose|tinytoonadventuresbusterbustsloosesnes	5
snes	TmntTournamentFighters-Snes	profiles/snes/tmnttournamentfighters_snes.qrr	tmnttournamentfighters|tmnttournamentfighterssnes	2
snes	TomAndJerry-Snes	profiles/snes/tomandjerry_snes.qrr	tomandjerry|tomandjerrysnes	6
snes	ToyStory-Snes	profiles/snes/toystory_snes.qrr	toystory|toystorysnes	1
snes	Toys-Snes	profiles/snes/toys_snes.qrr	toys|toyssnes	1
snes	TrueLies-Snes	profiles/snes/truelies_snes.qrr	truelies|trueliessnes	1
snes	TuffENuff-Snes	profiles/snes/tuffenuff_snes.qrr	tuffenuff|tuffenuffsnes	2
snes	UNSquadron-Snes	profiles/snes/unsquadron_snes.qrr	unsquadron|unsquadronsnes	3
snes	UchuuNoKishiTekkamanBlade-Snes	profiles/snes/uchuunokishitekkamanblade_snes.qrr	uchuunokishitekkamanblade|uchuunokishitekkamanbladesnes	3
snes	UltimateFighter-Snes	profiles/snes/ultimatefighter_snes.qrr	ultimatefighter|ultimatefightersnes	2
snes	UltimateMortalKombat3-Snes	profiles/snes/ultimatemortalkombat3_snes.qrr	ultimatemortalkombat3|ultimatemortalkombat3snes	2
snes	UltramanTowardsTheFuture-Snes	profiles/snes/ultramantowardsthefuture_snes.qrr	ultramantowardsthefuture|ultramantowardsthefuturesnes	1
snes	WaynesWorld-Snes	profiles/snes/waynesworld_snes.qrr	waynesworld|waynesworldsnes	1
snes	WcwSuperBrawlWrestling-Snes	profiles/snes/wcwsuperbrawlwrestling_snes.qrr	wcwsuperbrawlwrestling|wcwsuperbrawlwrestlingsnes	1
snes	WeaponLord-Snes	profiles/snes/weaponlord_snes.qrr	weaponlord|weaponlordsnes	1
snes	WereBackADinosaursStory-Snes	profiles/snes/werebackadinosaursstory_snes.qrr	werebackadinosaursstory|werebackadinosaursstorysnes	5
snes	WildGuns-Snes	profiles/snes/wildguns_snes.qrr	wildguns|wildgunssnes	2
snes	Wolfchild-Snes	profiles/snes/wolfchild_snes.qrr	wolfchild|wolfchildsnes	5
snes	Wolfenstein3d-Snes	profiles/snes/wolfenstein3d_snes.qrr	wolfenstein3d|wolfenstein3dsnes	1
snes	WolverineAdamantiumRage-Snes	profiles/snes/wolverineadamantiumrage_snes.qrr	wolverineadamantiumrage|wolverineadamantiumragesnes	1
snes	WorldHeroes-Snes	profiles/snes/worldheroes_snes.qrr	worldheroes|worldheroessnes	2
snes	WorldHeroes2-Snes	profiles/snes/worldheroes2_snes.qrr	worldheroes2|worldheroes2snes	2
snes	WwfRoyalRumble-Snes	profiles/snes/wwfroyalrumble_snes.qrr	wwfroyalrumble|wwfroyalrumblesnes	2
snes	WwfSuperWrestlemania-Snes	profiles/snes/wwfsuperwrestlemania_snes.qrr	wwfsuperwrestlemania|wwfsuperwrestlemaniasnes	1
snes	WwfWrestlemaniaTheArcadeGame-Snes	profiles/snes/wwfwrestlemaniathearcadegame_snes.qrr	wwfwrestlemaniathearcadegame|wwfwrestlemaniathearcadegamesnes	1
snes	XKaliber2097-Snes	profiles/snes/xkaliber2097_snes.qrr	xkaliber2097|xkaliber2097snes	5
snes	XMenMutantApocalypse-Snes	profiles/snes/xmenmutantapocalypse_snes.qrr	xmenmutantapocalypse|xmenmutantapocalypsesnes	2
snes	Xardion-Snes	profiles/snes/xardion_snes.qrr	xardion|xardionsnes	1
snes	ZeroTheKamikazeSquirrel-Snes	profiles/snes/zerothekamikazesquirrel_snes.qrr	zerothekamikazesquirrel|zerothekamikazesquirrelsnes	5
snes	ZombiesAteMyNeighbors-Snes	profiles/snes/zombiesatemyneighbors_snes.qrr	zombiesatemyneighbors|zombiesatemyneighborssnes	6
snes	Zool-Snes	profiles/snes/zool_snes.qrr	zool|zoolsnes	1
snes	ZoolNinjaOfTheNthDimension-Snes	profiles/snes/zoolninjaofthenthdimension_snes.qrr	zoolninjaofthenthdimension|zoolninjaofthenthdimensionsnes	5
